match_id,sofascore_id,break_number,half,stage,start_minute,manifest_start,manifest_end,duration_display_min,band_quality,commentary_minute,n_commentary,timing_consistent,margin,leadside,orient,pre_level,pre_slope,post_level,wbgt,tempC,local_hour,elo_home,elo_away,elo_gap_or,unit
2,15186720,1,H1,GRP,23,23.0,25.0,2.0,ok,,,True,0,level,-1,12.2,20.4,5.8,23.4,21.0,20,1786.0,1843.0,57.0,T15186720_23
2,15186720,2,H2,GRP,70,70.0,72.0,2.0,ok,,,True,0,level,1,34.4,11.8,16.8,23.4,21.0,20,1786.0,1843.0,-57.0,T15186720_70
3,15186836,1,H1,GRP,23,23.0,25.0,2.0,ok,,,True,1,away,-1,-21.8,36.6,-4.0,25.0,25.7,15,1788.0,1595.0,-193.0,T15186836_23
3,15186836,2,H2,GRP,69,69.0,72.0,3.0,ok,,,True,1,away,-1,-13.0,-11.2,-20.8,25.0,25.7,15,1788.0,1595.0,-193.0,T15186836_69
4,15186873,1,H1,GRP,24,24.0,52.0,,implausible_end,,,True,1,home,1,9.0,4.6,18.8,23.8,20.7,18,1780.0,1780.0,0.0,T15186873_24
4,15186873,2,H2,GRP,68,68.0,71.0,3.0,ok,,,True,3,home,1,19.2,-12.8,-1.4,23.8,20.7,18,1780.0,1780.0,0.0,T15186873_68
5,15186526,1,H1,GRP,24,24.0,58.0,,implausible_end,,,True,1,away,-1,16.8,19.4,17.8,23.9,21.6,12,1421.0,1891.0,470.0,T15186526_24
5,15186526,2,H2,GRP,68,68.0,70.0,2.0,ok,,,True,1,away,-1,24.2,2.4,16.8,23.9,21.6,12,1421.0,1891.0,470.0,T15186526_68
6,15186850,1,H1,GRP,23,23.0,26.0,3.0,ok,,,True,1,away,-1,-12.8,14.1,11.6,26.9,30.9,18,1991.0,1827.0,-164.0,T15186850_23
6,15186850,2,H2,GRP,68,68.0,70.0,2.0,ok,,,True,0,level,1,14.6,-1.6,4.2,26.9,30.9,18,1991.0,1827.0,164.0,T15186850_68
7,15186853,1,H1,GRP,23,23.0,26.0,3.0,ok,,,True,0,level,-1,11.4,-6.3,9.4,22.8,22.3,21,1536.0,1794.0,258.0,T15186853_23
7,15186853,2,H2,GRP,67,67.0,70.0,3.0,ok,,,True,1,away,-1,5.0,-0.8,4.6,22.8,22.3,21,1536.0,1794.0,258.0,T15186853_67
8,15186874,1,H1,GRP,23,23.0,25.0,2.0,ok,,,True,0,level,-1,0.2,8.9,0.4,22.0,21.8,21,1839.0,1849.0,10.0,T15186874_23
8,15186874,2,H2,GRP,68,68.0,70.0,2.0,ok,,,True,1,home,1,-39.0,-4.9,-21.2,22.0,21.8,21,1839.0,1849.0,-10.0,T15186874_68
9,15186899,1,H1,GRP,23,23.0,25.0,2.0,ok,,,True,0,level,-1,11.0,7.9,1.6,34.5,29.8,12,1932.0,1434.0,-498.0,T15186899_23
9,15186899,2,H2,GRP,69,69.0,72.0,3.0,ok,,,True,4,home,1,-14.6,-10.0,19.2,34.5,29.8,12,1932.0,1434.0,498.0,T15186899_69
10,15186945,1,H1,GRP,23,23.0,26.0,3.0,ok,,,True,0,level,1,28.2,8.0,-8.4,32.0,29.1,15,1948.0,1906.0,42.0,T15186945_23
10,15186945,2,H2,GRP,67,67.0,70.0,3.0,ok,,,True,1,home,1,18.0,10.2,13.4,32.0,29.1,15,1948.0,1906.0,42.0,T15186945_67
11,15186904,1,H1,GRP,24,24.0,27.0,3.0,ok,,,True,0,level,1,37.8,-0.8,-16.2,28.5,29.4,19,1695.0,1938.0,-243.0,T15186904_24
11,15186904,2,H2,GRP,69,69.0,72.0,3.0,ok,,,True,0,level,1,12.0,-7.6,-14.0,28.5,29.4,19,1695.0,1938.0,-243.0,T15186904_69
12,15186951,1,H1,GRP,22,22.0,26.0,4.0,ok,,,True,1,home,1,-0.8,1.1,-4.0,31.2,28.9,20,1755.0,1585.0,170.0,T15186951_22
12,15186951,2,H2,GRP,69,69.0,71.0,2.0,ok,,,True,2,home,1,1.2,9.1,-3.2,31.2,28.9,20,1755.0,1585.0,170.0,T15186951_69
13,15186783,1,H1,GRP,23,23.0,26.0,3.0,ok,,,True,0,level,1,35.6,-5.4,6.6,26.2,25.8,12,2157.0,1578.0,579.0,T15186783_23
13,15186783,2,H2,GRP,68,68.0,71.0,3.0,ok,,,True,0,level,1,47.2,-6.7,24.8,26.2,25.8,12,2157.0,1578.0,579.0,T15186783_68
14,15186837,1,H1,GRP,22,22.0,25.0,3.0,ok,,,True,1,away,-1,-1.4,6.8,6.6,26.1,28.9,12,1894.0,1696.0,-198.0,T15186837_22
14,15186837,2,H2,GRP,67,67.0,70.0,3.0,ok,,,True,0,level,1,37.0,1.6,10.8,26.1,28.9,12,1894.0,1696.0,198.0,T15186837_67
15,15186811,1,H1,GRP,23,23.0,27.0,4.0,ok,,,True,0,level,1,4.2,-16.4,-1.2,32.1,32.8,18,1576.0,1892.0,-316.0,T15186811_23
15,15186811,2,H2,GRP,69,69.0,72.0,3.0,ok,,,True,1,home,1,-45.0,1.1,-21.2,32.1,32.8,18,1576.0,1892.0,-316.0,T15186811_69
16,15186832,1,H1,GRP,25,25.0,28.0,3.0,ok,,,True,1,away,-1,-2.6,-8.5,3.8,22.2,19.7,18,1756.0,1578.0,-178.0,T15186832_25
16,15186832,2,H2,GRP,68,68.0,71.0,3.0,ok,,,True,0,level,1,6.4,12.4,10.2,22.2,19.7,18,1756.0,1578.0,178.0,T15186832_68
17,15186501,1,H1,GRP,26,26.0,30.0,4.0,ok,,,True,0,level,1,14.6,-0.2,-22.0,22.2,25.4,15,2063.0,1860.0,203.0,T15186501_26
17,15186501,2,H2,GRP,68,68.0,71.0,3.0,ok,,,True,1,home,1,17.6,6.7,27.8,22.2,25.4,15,2063.0,1860.0,203.0,T15186501_68
18,15186773,1,H1,GRP,24,24.0,27.0,3.0,ok,,,True,0,level,-1,29.4,-1.5,-3.6,21.6,23.8,18,1607.0,1914.0,307.0,T15186773_24
18,15186773,2,H2,GRP,69,69.0,69.0,,implausible_end,,,True,1,away,-1,-22.8,0.4,20.2,21.6,23.8,18,1607.0,1914.0,307.0,T15186773_69
19,15186854,1,H1,GRP,25,25.0,28.0,3.0,ok,,,True,1,home,1,18.2,-2.2,2.6,24.5,26.5,20,2128.0,1759.0,369.0,T15186854_25
19,15186854,2,H2,GRP,69,69.0,71.0,2.0,ok,,,True,2,home,1,3.0,0.1,12.2,24.5,26.5,20,2128.0,1759.0,369.0,T15186854_69
20,15186751,1,H1,GRP,23,23.0,26.0,3.0,ok,,,True,1,home,1,10.8,4.1,18.2,19.7,16.7,21,1857.0,1653.0,204.0,T15186751_23
20,15186751,2,H2,GRP,72,72.0,75.0,3.0,ok,,,True,0,level,-1,20.4,1.7,4.4,19.7,16.7,21,1857.0,1653.0,-204.0,T15186751_72
21,15186709,1,H1,GRP,24,24.0,27.0,3.0,ok,,,True,1,home,1,32.0,-1.0,26.4,30.5,26.4,12,1989.0,1652.0,337.0,T15186709_24
21,15186709,2,H2,GRP,69,69.0,71.0,2.0,ok,,,True,0,level,1,26.2,9.4,23.0,30.5,26.4,12,1989.0,1652.0,337.0,T15186709_69
22,15186504,1,H1,GRP,23,23.0,25.0,2.0,ok,,,True,1,home,1,6.6,-8.7,-2.8,34.0,32.9,15,2024.0,1912.0,112.0,T15186504_23
22,15186504,2,H2,GRP,69,69.0,72.0,3.0,ok,,,True,1,home,1,3.8,2.7,5.0,34.0,32.9,15,2024.0,1912.0,112.0,T15186504_69
23,15186687,1,H1,GRP,24,24.0,24.0,,implausible_end,,,True,0,level,-1,3.8,6.2,8.6,19.4,17.4,19,1510.0,1730.0,220.0,T15186687_24
23,15186687,2,H2,GRP,68,68.0,71.0,3.0,ok,,,True,0,level,1,6.2,4.8,1.4,19.4,17.4,19,1510.0,1730.0,-220.0,T15186687_68
24,15186722,1,H1,GRP,23,23.0,26.0,3.0,ok,,,True,0,level,-1,34.8,-9.0,10.4,20.7,17.9,20,1698.0,1998.0,300.0,T15186722_23
24,15186722,2,H2,GRP,69,69.0,71.0,2.0,ok,,,True,1,away,-1,8.2,15.6,27.2,20.7,17.9,20,1698.0,1998.0,300.0,T15186722_69
25,15186490,1,H1,GRP,23,23.0,26.0,3.0,ok,,,True,0,level,1,12.2,6.7,8.4,23.5,20.9,19,1896.0,1771.0,125.0,T15186490_23
25,15186490,2,H2,GRP,68,68.0,70.0,2.0,ok,,,True,1,home,1,-12.0,2.6,-8.4,23.5,20.9,19,1896.0,1771.0,125.0,T15186490_68
26,15186731,1,H1,GRP,23,23.0,26.0,3.0,ok,,,True,1,home,1,0.6,-5.9,-15.2,30.6,26.9,12,1843.0,1511.0,332.0,T15186731_23
26,15186731,2,H2,GRP,69,69.0,72.0,3.0,ok,,,True,1,home,1,0.4,0.0,-5.0,30.6,26.9,12,1843.0,1511.0,332.0,T15186731_69
27,15186798,1,H1,GRP,25,25.0,53.0,,implausible_end,,,True,1,home,1,47.2,-12.1,30.4,22.9,22.2,15,1767.0,1447.0,320.0,T15186798_25
27,15186798,2,H2,GRP,68,68.0,71.0,3.0,ok,,,True,4,home,1,55.6,-0.3,30.4,22.9,22.2,15,1767.0,1447.0,320.0,T15186798_68
28,15186806,1,H1,GRP,23,23.0,25.0,2.0,ok,,,True,0,level,1,34.2,5.1,13.0,21.5,19.6,12,1865.0,1616.0,249.0,T15186806_23
28,15186806,2,H2,GRP,69,69.0,72.0,3.0,ok,,,True,0,level,1,6.2,-23.5,-24.4,21.5,19.6,12,1865.0,1616.0,249.0,T15186806_69
29,15186856,1,H1,GRP,26,26.0,29.0,3.0,ok,,,True,1,home,1,52.8,5.3,31.0,23.5,26.3,20,1986.0,1528.0,458.0,T15186856_26
29,15186856,2,H2,GRP,69,69.0,72.0,3.0,ok,,,True,3,home,1,-38.8,-5.1,17.4,23.5,26.3,20,1986.0,1528.0,458.0,T15186856_69
30,15186859,1,H1,GRP,24,24.0,27.0,3.0,ok,,,True,1,away,-1,24.6,-0.8,6.0,23.4,25.1,18,1794.0,1840.0,46.0,T15186859_24
30,15186859,2,H2,GRP,68,68.0,71.0,3.0,ok,,,True,1,away,-1,19.6,-7.4,24.6,23.4,25.1,18,1794.0,1840.0,46.0,T15186859_68
31,15186878,1,H1,GRP,25,25.0,41.0,,implausible_end,,,True,1,home,1,-3.2,-11.1,2.4,23.7,23.1,12,1780.0,1839.0,-59.0,T15186878_25
31,15186878,2,H2,GRP,68,68.0,71.0,3.0,ok,,,True,2,home,1,-28.0,-8.9,12.4,23.7,23.1,12,1780.0,1839.0,-59.0,T15186878_68
32,15186879,1,H1,GRP,26,26.0,29.0,3.0,ok,,,True,1,away,-1,-50.8,3.8,-44.0,21.5,20.8,20,1813.0,1816.0,3.0,T15186879_26
32,15186879,2,H2,GRP,68,68.0,71.0,3.0,ok,,,True,1,away,-1,-51.6,4.4,-11.8,21.5,20.8,20,1813.0,1816.0,3.0,T15186879_68
33,15186905,1,H1,GRP,25,25.0,28.0,3.0,ok,,,True,0,level,1,29.6,-4.4,1.0,21.0,20.4,16,1939.0,1743.0,196.0,T15186905_25
33,15186905,2,H2,GRP,72,72.0,75.0,3.0,ok,,,True,0,level,1,36.6,-4.3,19.8,21.0,20.4,16,1939.0,1743.0,196.0,T15186905_72
34,15186906,1,H1,GRP,24,24.0,27.0,3.0,ok,,,True,0,level,1,43.8,8.1,9.2,27.4,27.2,19,1864.0,1453.0,411.0,T15186906_24
34,15186906,2,H2,GRP,68,68.0,71.0,3.0,ok,,,True,0,level,1,53.4,17.4,49.0,27.4,27.2,19,1864.0,1453.0,411.0,T15186906_68
35,15186957,1,H1,GRP,23,23.0,26.0,3.0,ok,,,True,2,home,1,31.8,6.9,4.8,34.5,29.6,12,1944.0,1755.0,189.0,T15186957_23
35,15186957,2,H2,GRP,69,69.0,72.0,3.0,ok,,,True,3,home,1,-2.4,-1.7,-23.8,34.5,29.6,12,1944.0,1755.0,189.0,T15186957_69
36,15186963,1,H1,GRP,24,24.0,27.0,3.0,ok,,,True,1,away,-1,-1.2,-8.1,9.6,28.3,24.8,22,1570.0,1925.0,355.0,T15186963_24
36,15186963,2,H2,GRP,70,70.0,73.0,3.0,ok,,,True,3,away,-1,12.0,-7.2,26.6,28.3,24.8,22,1570.0,1925.0,355.0,T15186963_70
37,15186499,1,H1,GRP,30,30.0,73.0,,implausible_end,,,True,0,level,1,26.0,8.4,26.0,23.0,21.4,12,1879.0,1756.0,123.0,T15186499_30
37,15186499,2,H2,GRP,70,70.0,73.0,3.0,ok,,,True,0,level,1,5.2,-16.6,-4.4,23.0,21.4,12,1879.0,1756.0,123.0,T15186499_70
38,15186827,1,H1,GRP,22,22.0,25.0,3.0,ok,,,True,1,home,1,21.0,-6.6,-5.0,23.3,24.2,18,1549.0,1740.0,-191.0,T15186827_22
38,15186827,2,H2,GRP,72,72.0,75.0,3.0,ok,,,True,1,away,-1,16.6,3.7,22.4,23.3,24.2,18,1549.0,1740.0,191.0,T15186827_72
39,15186840,1,H1,GRP,25,25.0,28.0,3.0,ok,,,True,3,home,1,46.8,4.7,45.2,28.6,25.5,12,2129.0,1598.0,531.0,T15186840_25
39,15186840,2,H2,GRP,68,68.0,70.0,2.0,ok,,,True,4,home,1,11.0,3.0,20.8,28.6,25.5,12,2129.0,1598.0,531.0,T15186840_68
40,15186800,1,H1,GRP,25,25.0,27.0,2.0,ok,,,True,1,away,-1,19.6,-5.8,-12.8,33.6,33.1,18,1870.0,1606.0,-264.0,T15186800_25
40,15186800,2,H2,GRP,71,71.0,74.0,3.0,ok,,,True,0,level,1,16.0,10.6,5.6,33.6,33.1,18,1870.0,1606.0,264.0,T15186800_71
41,15186769,1,H1,GRP,23,23.0,25.0,2.0,ok,,,True,1,home,1,30.4,0.4,5.8,30.6,29.7,17,2084.0,1592.0,492.0,T15186769_23
42,15186770,1,H1,GRP,23,23.0,26.0,3.0,ok,,,True,0,level,-1,18.2,-3.8,1.4,23.8,20.0,20,1951.0,1817.0,-134.0,T15186770_23
42,15186770,2,H2,GRP,68,68.0,71.0,3.0,ok,,,True,2,home,1,-0.6,-4.9,-10.8,23.8,20.0,20,1951.0,1817.0,134.0,T15186770_68
43,15186502,1,H1,GRP,23,23.0,26.0,3.0,ok,,,True,0,level,1,10.2,3.8,-20.4,33.3,31.0,12,2128.0,1857.0,271.0,T15186502_23
43,15186502,2,H2,GRP,69,69.0,71.0,2.0,ok,,,True,1,home,1,4.4,-4.8,2.2,33.3,31.0,12,2128.0,1857.0,271.0,T15186502_69
45,15186858,1,H1,GRP,23,23.0,25.0,2.0,ok,,,True,2,home,1,24.6,16.0,14.0,34.2,33.8,12,1967.0,1698.0,269.0,T15186858_23
45,15186858,2,H2,GRP,69,69.0,71.0,2.0,ok,,,True,4,home,1,17.0,17.3,14.6,34.2,33.8,12,1967.0,1698.0,269.0,T15186858_69
46,15186713,1,H1,GRP,25,25.0,28.0,3.0,ok,,,True,0,level,1,32.8,3.4,13.4,21.7,18.4,20,2006.0,1666.0,340.0,T15186713_25
46,15186713,2,H2,GRP,68,68.0,71.0,3.0,ok,,,True,0,level,1,45.6,-2.2,13.0,21.7,18.4,20,2006.0,1666.0,340.0,T15186713_68
47,15186672,1,H1,GRP,26,26.0,29.0,3.0,ok,,,True,0,level,1,16.6,-3.4,25.0,22.7,19.0,16,2055.0,1557.0,498.0,T15186672_26
47,15186672,2,H2,GRP,70,70.0,73.0,3.0,ok,,,True,0,level,1,55.6,-15.1,37.2,22.7,19.0,16,2055.0,1557.0,498.0,T15186672_70
48,15186520,1,H1,GRP,23,23.0,26.0,3.0,ok,,,True,0,level,-1,21.4,10.2,22.4,21.3,22.1,19,1683.0,1881.0,198.0,T15186520_23
48,15186520,2,H2,GRP,69,69.0,72.0,3.0,ok,,,True,1,away,-1,-10.4,-0.3,-52.0,21.3,22.1,19,1683.0,1881.0,198.0,T15186520_69
49,15186732,1,H1,GRP,22,22.0,26.0,4.0,ok,,,True,0,level,1,11.8,-1.8,-9.4,20.0,19.0,19,1843.0,1912.0,-69.0,T15186732_22
49,15186732,2,H2,GRP,68,68.0,71.0,3.0,ok,,,True,2,away,-1,-1.2,-13.2,-37.6,20.0,19.0,19,1843.0,1912.0,69.0,T15186732_68
50,15186744,1,H1,GRP,23,23.0,26.0,3.0,ok,,,True,0,level,1,19.2,7.6,-5.6,30.5,31.3,19,1575.0,1723.0,-148.0,T15186744_23
50,15186744,2,H2,GRP,69,69.0,71.0,2.0,ok,,,True,1,home,1,-3.2,1.2,-17.2,30.5,31.3,19,1575.0,1723.0,-148.0,T15186744_69
51,15186821,1,H1,GRP,23,23.0,25.0,2.0,ok,,,True,0,level,-1,10.8,16.4,-1.2,25.2,26.2,12,1885.0,1777.0,-108.0,T15186821_23
51,15186821,2,H2,GRP,71,71.0,74.0,3.0,ok,,,True,2,home,1,-26.2,-6.5,-28.2,25.2,26.2,12,1885.0,1777.0,108.0,T15186821_71
52,15186829,1,H1,GRP,23,23.0,23.0,,implausible_end,,,True,0,level,1,24.0,2.4,16.6,24.9,26.2,12,1596.0,1437.0,159.0,T15186829_23
52,15186829,2,H2,GRP,69,69.0,72.0,3.0,ok,,,True,1,home,1,-9.0,1.8,-18.4,24.9,26.2,12,1596.0,1437.0,159.0,T15186829_69
53,15186861,1,H1,GRP,25,25.0,28.0,3.0,ok,,,True,1,away,-1,33.0,-6.6,-16.0,30.6,30.0,18,1768.0,1986.0,218.0,T15186861_25
53,15186861,2,H2,GRP,68,68.0,71.0,3.0,ok,,,True,3,away,-1,-7.4,-21.5,-5.6,30.6,30.0,18,1768.0,1986.0,218.0,T15186861_68
54,15186864,1,H1,GRP,23,23.0,55.0,,implausible_end,,,True,1,away,-1,-13.8,-0.9,-9.8,27.1,28.8,18,1866.0,1528.0,-338.0,T15186864_23
54,15186864,2,H2,GRP,68,68.0,71.0,3.0,ok,,,True,0,level,1,32.8,-3.0,16.6,27.1,28.8,18,1866.0,1528.0,338.0,T15186864_68
55,15186887,1,H1,GRP,23,23.0,26.0,3.0,ok,,,True,0,level,-1,7.0,-9.9,0.4,21.3,19.0,19,1852.0,1781.0,-71.0,T15186887_23
55,15186887,2,H2,GRP,67,67.0,70.0,3.0,ok,,,True,0,level,-1,71.0,16.2,13.2,21.3,19.0,19,1852.0,1781.0,-71.0,T15186887_67
56,15186891,1,H1,GRP,24,24.0,26.0,2.0,ok,,,True,0,level,-1,16.4,5.1,8.2,19.3,17.0,19,1815.0,1800.0,-15.0,T15186891_24
56,15186891,2,H2,GRP,68,68.0,71.0,3.0,ok,,,True,0,level,-1,4.0,-1.3,9.0,19.3,17.0,19,1815.0,1800.0,-15.0,T15186891_68
57,15186907,1,H1,GRP,27,27.0,30.0,3.0,ok,,,True,0,level,1,15.8,-8.9,3.4,26.4,28.4,16,1864.0,1954.0,-90.0,T15186907_27
57,15186907,2,H2,GRP,69,69.0,71.0,2.0,ok,,,True,0,level,1,30.8,0.1,-2.4,26.4,28.4,16,1864.0,1954.0,-90.0,T15186907_69
58,15186908,1,H1,GRP,23,23.0,71.0,,implausible_end,,,True,1,away,-1,27.8,1.7,22.8,27.6,30.4,16,1453.0,1728.0,275.0,T15186908_23
58,15186908,2,H2,GRP,68,68.0,71.0,3.0,ok,,,True,2,away,-1,14.4,3.1,15.0,27.6,30.4,16,1453.0,1728.0,275.0,T15186908_68
59,15186973,1,H1,GRP,23,23.0,26.0,3.0,ok,,,True,2,away,-1,41.2,9.4,13.0,25.7,21.9,18,1570.0,1972.0,402.0,T15186973_23
59,15186973,2,H2,GRP,69,69.0,72.0,3.0,ok,,,True,2,away,-1,65.0,6.9,40.2,25.7,21.9,18,1570.0,1972.0,402.0,T15186973_69
60,15186972,1,H1,GRP,24,24.0,27.0,3.0,ok,,,True,0,level,1,10.0,3.6,-6.4,32.6,32.9,18,1925.0,1727.0,198.0,T15186972_24
60,15186972,2,H2,GRP,68,68.0,71.0,3.0,ok,,,True,0,level,-1,53.6,0.8,2.2,32.6,32.9,18,1925.0,1727.0,-198.0,T15186972_68
61,15186822,1,H1,GRP,24,24.0,26.0,2.0,ok,,,True,0,level,-1,25.6,-3.7,17.0,18.8,15.4,20,1534.0,1884.0,350.0,T15186822_24
61,15186822,2,H2,GRP,69,69.0,71.0,2.0,ok,,,True,3,away,-1,26.6,-6.3,24.8,18.8,15.4,20,1534.0,1884.0,350.0,T15186822_69
62,15186828,1,H1,GRP,23,23.0,26.0,3.0,ok,,,True,0,level,1,14.6,16.0,13.2,18.7,16.4,20,1742.0,1764.0,-22.0,T15186828_23
62,15186828,2,H2,GRP,69,69.0,71.0,2.0,ok,,,True,0,level,1,48.6,7.6,19.8,18.7,16.4,20,1742.0,1764.0,-22.0,T15186828_69
63,15186841,1,H1,GRP,23,23.0,26.0,3.0,ok,,,True,0,level,-1,55.6,6.1,14.4,23.5,23.4,18,1841.0,2144.0,303.0,T15186841_23
63,15186841,2,H2,GRP,68,68.0,70.0,2.0,ok,,,True,1,away,-1,3.2,-6.5,3.2,23.5,23.4,18,1841.0,2144.0,303.0,T15186841_68
64,15186803,1,H1,GRP,24,24.0,27.0,3.0,ok,,,True,0,level,-1,11.2,-6.9,-8.0,31.8,32.7,19,1622.0,1596.0,-26.0,T15186803_24
64,15186803,2,H2,GRP,69,69.0,72.0,3.0,ok,,,True,0,level,1,11.6,0.2,5.2,31.8,32.7,19,1622.0,1596.0,26.0,T15186803_69
65,15186537,1,H1,GRP,24,24.0,58.0,,implausible_end,,,True,1,away,-1,29.8,-4.3,27.4,25.6,22.8,15,1951.0,2090.0,139.0,T15186537_24
65,15186537,2,H2,GRP,68,68.0,71.0,3.0,ok,,,True,2,away,-1,14.8,-4.3,17.8,25.6,22.8,15,1951.0,2090.0,139.0,T15186537_68
66,15186771,1,H1,GRP,23,23.0,26.0,3.0,ok,,,True,1,home,1,8.6,-6.9,5.2,23.7,20.3,15,1817.0,1586.0,231.0,T15186771_23
66,15186771,2,H2,GRP,67,67.0,69.0,2.0,ok,,,True,3,home,1,50.6,18.3,15.0,23.7,20.3,15,1817.0,1586.0,231.0,T15186771_67
67,15186734,1,H1,GRP,23,23.0,25.0,2.0,ok,,,True,1,away,-1,37.2,-5.3,31.2,31.9,32.3,21,1628.0,2148.0,520.0,T15186734_23
67,15186734,2,H2,GRP,68,68.0,70.0,2.0,ok,,,True,1,away,-1,40.0,4.6,17.6,31.9,32.3,21,1628.0,2148.0,520.0,T15186734_68
68,15186747,1,H1,GRP,23,23.0,71.0,,implausible_end,,,True,0,level,-1,10.0,9.1,8.8,30.1,27.0,21,1785.0,1836.0,51.0,T15186747_23
68,15186747,2,H2,GRP,68,68.0,71.0,3.0,ok,,,True,0,level,1,0.2,-10.5,-13.4,30.1,27.0,21,1785.0,1836.0,-51.0,T15186747_68
69,15186696,1,H1,GRP,25,25.0,28.0,3.0,ok,,,True,0,level,-1,1.6,-3.7,4.4,33.8,30.8,19,2006.0,1988.0,-18.0,T15186696_25
69,15186696,2,H2,GRP,68,68.0,71.0,3.0,ok,,,True,0,level,1,25.8,0.7,40.6,33.8,30.8,19,2006.0,1988.0,18.0,T15186696_68
70,15186717,1,H1,GRP,23,23.0,55.0,,implausible_end,,,True,1,away,-1,-7.8,9.4,-1.4,31.7,31.6,19,1666.0,1677.0,11.0,T15186717_23
70,15186717,2,H2,GRP,70,70.0,72.0,2.0,ok,,,True,0,level,1,6.6,12.0,30.0,31.7,31.6,19,1666.0,1677.0,-11.0,T15186717_70
71,15186676,1,H1,GRP,23,23.0,50.0,,implausible_end,,,True,0,level,-1,31.8,-8.8,-2.4,25.0,21.5,17,1668.0,2028.0,360.0,T15186676_23
71,15186676,2,H2,GRP,69,69.0,72.0,3.0,ok,,,True,2,away,-1,20.4,-1.4,24.6,25.0,21.5,17,1668.0,2028.0,360.0,T15186676_69
72,15186624,1,H1,GRP,25,25.0,29.0,4.0,ok,,,True,0,level,1,20.0,-4.0,-3.8,25.2,21.0,17,1896.0,1584.0,312.0,T15186624_25
72,15186624,2,H2,GRP,69,69.0,71.0,2.0,ok,,,True,1,home,1,2.6,-12.3,-25.2,25.2,21.0,17,1896.0,1584.0,312.0,T15186624_69
73,12813000,1,H1,KO,23,,,,no_band,23.0,103.0,True,0,level,-1,22.8,2.0,2.4,22.0,20.9,12,1575.0,1748.0,173.0,T12813000_23
73,12813000,2,H2,KO,67,,,,no_band,67.0,103.0,True,0,level,1,7.8,-5.2,-17.0,22.0,20.9,12,1575.0,1748.0,-173.0,T12813000_67
74,12813012,1,H1,KO,23,,,,no_band,23.0,91.0,True,0,level,1,4.8,9.2,7.2,37.2,34.3,12,2009.0,1910.0,99.0,T12813012_23
74,12813012,2,H2,KO,68,,,,no_band,68.0,91.0,True,0,level,1,10.2,-4.2,29.0,37.2,34.3,12,2009.0,1910.0,99.0,T12813012_68
75,12813014,1,H1,KO,23,,,,no_band,23.0,173.0,True,0,level,1,32.4,3.9,19.0,28.6,28.6,16,1916.0,1815.0,101.0,T12813014_23
75,12813014,2,H2,KO,70,,,,no_band,70.0,173.0,True,0,level,1,21.4,7.7,-0.8,28.6,28.6,16,1916.0,1815.0,101.0,T12813014_70
76,12812998,1,H1,KO,22,,,,no_band,22.0,143.0,True,0,level,-1,13.0,23.8,33.2,30.3,32.2,19,1971.0,1886.0,-85.0,T12812998_22
76,12812998,2,H2,KO,67,,,,no_band,67.0,143.0,True,0,level,-1,43.8,-4.4,13.8,30.3,32.2,19,1971.0,1886.0,-85.0,T12812998_67
77,12812989,1,H1,KO,24,,,,no_band,24.0,90.0,True,0,level,1,9.0,-3.4,3.2,32.9,32.0,12,1743.0,1918.0,-175.0,T12812989_24
77,12812989,2,H2,KO,68,,,,no_band,68.0,90.0,True,1,away,-1,-30.0,2.3,18.2,32.9,32.0,12,1743.0,1918.0,175.0,T12812989_68
78,12812995,1,H1,KO,23,,,,no_band,23.0,114.0,True,0,level,1,13.8,-9.7,-0.4,29.8,32.5,17,2123.0,1742.0,381.0,T12812995_23
78,12812995,2,H2,KO,68,,,,no_band,68.0,114.0,True,2,home,1,34.4,-5.4,4.0,29.8,32.5,17,2123.0,1742.0,381.0,T12812995_68
79,12813001,1,H1,KO,25,,,,no_band,25.0,110.0,True,1,home,1,0.8,2.9,16.8,18.6,15.1,20,1943.0,1871.0,72.0,T12813001_25
79,12813001,2,H2,KO,68,,,,no_band,68.0,110.0,True,2,home,1,-26.6,-1.7,35.4,18.6,15.1,20,1943.0,1871.0,72.0,T12813001_68
80,12813020,1,H1,KO,23,,,,no_band,23.0,103.0,True,1,away,-1,3.4,9.2,-2.4,34.3,32.4,12,2038.0,1712.0,-326.0,T12813020_23
80,12813020,2,H2,KO,68,,,,no_band,68.0,103.0,True,1,away,-1,-8.8,-5.3,-14.2,34.3,32.4,12,2038.0,1712.0,-326.0,T12813020_68
81,12813013,1,H1,KO,27,,,,no_band,27.0,150.0,True,1,away,-1,40.8,20.0,6.0,18.5,16.2,13,1884.0,1842.0,-42.0,T12813013_27
81,12813013,2,H2,KO,70,,,,no_band,70.0,150.0,True,2,away,-1,-15.4,4.5,-32.2,18.5,16.2,13,1884.0,1842.0,-42.0,T12813013_70
82,12812992,1,H1,KO,23,,,,no_band,23.0,103.0,True,0,level,1,27.2,-4.4,16.4,22.8,21.5,17,1798.0,1605.0,193.0,T12812992_23
82,12812992,2,H2,KO,69,,,,no_band,69.0,103.0,True,1,home,1,-18.4,-7.7,-19.2,22.8,21.5,17,1798.0,1605.0,193.0,T12812992_69
83,12813004,1,H1,KO,24,,,,no_band,24.0,116.0,True,0,level,1,9.8,-2.4,12.2,23.1,21.1,12,2144.0,1836.0,308.0,T12813004_24
83,12813004,2,H2,KO,68,,,,no_band,68.0,116.0,True,2,home,1,-0.2,9.2,28.2,23.1,21.1,12,2144.0,1836.0,308.0,T12813004_68
84,12812997,1,H1,KO,24,,,,no_band,24.0,111.0,True,0,level,1,23.0,18.3,21.4,30.5,28.7,19,1990.0,1905.0,85.0,T12812997_24
84,12812997,2,H2,KO,69,,,,no_band,69.0,111.0,True,0,level,1,22.0,-1.1,24.6,30.5,28.7,19,1990.0,1905.0,85.0,T12812997_69
85,12813019,1,H1,KO,25,,,,no_band,25.0,102.0,True,1,home,1,8.2,11.1,8.6,17.8,13.9,20,1943.0,1756.0,187.0,T12813019_25
85,12813019,2,H2,KO,67,,,,no_band,67.0,102.0,True,2,home,1,-3.8,-6.0,-18.0,17.8,13.9,20,1943.0,1756.0,187.0,T12813019_67
86,12813018,1,H1,KO,23,,,,no_band,23.0,146.0,True,1,away,-1,-11.6,6.7,3.0,33.4,34.5,13,1800.0,1742.0,-58.0,T12813018_23
86,12813018,2,H2,KO,68,,,,no_band,68.0,146.0,True,0,level,1,5.4,-4.8,-6.6,33.4,34.5,13,1800.0,1742.0,58.0,T12813018_68
87,12812999,1,H1,KO,25,,,,no_band,25.0,139.0,True,0,level,1,5.4,-7.6,15.8,30.6,27.6,18,2148.0,1622.0,526.0,T12812999_25
87,12812999,2,H2,KO,73,,,,no_band,73.0,139.0,True,0,level,1,47.6,-8.8,46.2,30.6,27.6,18,2148.0,1622.0,526.0,T12812999_73
88,12813011,1,H1,KO,24,,,,no_band,24.0,119.0,True,1,home,1,35.0,-6.1,13.6,31.8,30.9,20,2009.0,1570.0,439.0,T12813011_24
88,12813011,2,H2,KO,69,,,,no_band,69.0,119.0,True,1,home,1,6.6,-2.0,-13.0,31.8,30.9,20,2009.0,1570.0,439.0,T12813011_69
89,12813010,1,H1,KO,23,,,,no_band,23.0,107.0,True,0,level,-1,24.2,-5.8,24.4,34.4,37.4,17,1823.0,2134.0,311.0,T12813010_23
89,12813010,2,H2,KO,73,,,,no_band,73.0,107.0,True,1,away,-1,22.2,4.0,22.4,34.4,37.4,17,1823.0,2134.0,311.0,T12813010_73
90,12813009,1,H1,KO,24,,,,no_band,24.0,141.0,True,0,level,1,23.4,-6.9,-15.0,35.3,33.8,12,1764.0,1886.0,-122.0,T12813009_24
90,12813009,2,H2,KO,68,,,,no_band,68.0,141.0,True,1,away,-1,14.2,12.2,12.8,35.3,33.8,12,1764.0,1886.0,122.0,T12813009_68
91,12813006,1,H1,KO,27,,,,no_band,27.0,81.0,True,0,level,-1,11.4,0.7,-1.2,30.9,27.7,16,2031.0,1934.0,-97.0,T12813006_27
91,12813006,2,H2,KO,68,,,,no_band,68.0,81.0,True,0,level,1,21.0,-14.7,-28.6,30.9,27.7,16,2031.0,1934.0,97.0,T12813006_68
92,12813007,1,H1,KO,23,,,,no_band,23.0,117.0,True,0,level,1,10.4,-21.2,-11.4,20.4,17.2,19,1913.0,2076.0,-163.0,T12813007_23
92,12813007,2,H2,KO,71,,,,no_band,71.0,117.0,True,1,away,-1,-30.8,-10.0,-17.2,20.4,17.2,19,1913.0,2076.0,163.0,T12813007_71
93,12812990,1,H1,KO,23,,,,no_band,23.0,107.0,True,0,level,-1,23.6,-14.0,6.6,33.5,35.4,14,2013.0,2159.0,146.0,T12812990_23
93,12812990,2,H2,KO,68,,,,no_band,68.0,107.0,True,0,level,-1,14.8,2.9,22.8,33.5,35.4,14,2013.0,2159.0,146.0,T12812990_68
94,12813002,1,H1,KO,24,,,,no_band,24.0,103.0,True,1,away,-1,5.0,-3.0,5.4,25.7,28.0,17,1747.0,1961.0,214.0,T12813002_24
94,12813002,2,H2,KO,69,,,,no_band,69.0,103.0,True,2,away,-1,-21.6,-8.7,-1.6,25.7,28.0,17,1747.0,1961.0,214.0,T12813002_69
95,12812993,1,H1,KO,23,,,,no_band,23.0,115.0,True,1,away,-1,10.8,-29.0,-23.2,31.6,29.5,12,2151.0,1747.0,-404.0,T12812993_23
95,12812993,2,H2,KO,71,,,,no_band,71.0,115.0,True,2,away,-1,-46.6,2.5,-16.2,31.6,29.5,12,2151.0,1747.0,-404.0,T12812993_71
96,12812991,1,H1,KO,23,,,,no_band,23.0,178.0,True,0,level,-1,33.0,16.1,4.8,23.4,23.1,13,1943.0,2009.0,66.0,T12812991_23
96,12812991,2,H2,KO,68,,,,no_band,68.0,178.0,True,0,level,-1,35.0,-10.5,-6.4,23.4,23.1,13,1943.0,2009.0,66.0,T12812991_68
97,12813016,1,H1,KO,29,,,,no_band,29.0,102.0,True,0,level,1,4.0,10.4,18.8,31.6,30.7,16,2143.0,1921.0,222.0,T12813016_29
97,12813016,2,H2,KO,67,,,,no_band,67.0,102.0,True,2,home,1,23.8,2.3,17.8,31.6,30.7,16,2143.0,1921.0,222.0,T12813016_67
98,12812994,1,H1,KO,23,,,,no_band,23.0,124.0,True,0,level,1,21.4,8.1,12.8,26.7,26.1,12,2177.0,1961.0,216.0,T12812994_23
98,12812994,2,H2,KO,67,,,,no_band,67.0,124.0,True,0,level,1,38.4,5.8,17.4,26.7,26.1,12,2177.0,1961.0,216.0,T12812994_67
99,12813017,1,H1,KO,23,,,,no_band,23.0,119.0,True,0,level,-1,41.4,2.6,9.8,34.7,32.0,17,1972.0,2076.0,104.0,T12813017_23
99,12813017,2,H2,KO,68,,,,no_band,68.0,119.0,True,0,level,1,8.8,-3.5,-3.8,34.7,32.0,17,1972.0,2076.0,-104.0,T12813017_68
100,12813015,1,H1,KO,23,,,,no_band,23.0,151.0,True,1,home,1,1.4,-8.4,-2.6,29.4,28.6,20,2177.0,1928.0,249.0,T12813015_23
100,12813015,2,H2,KO,75,,,,no_band,75.0,151.0,True,0,level,-1,23.0,-12.8,-11.2,29.4,28.6,20,2177.0,1928.0,-249.0,T12813015_75
101,12813008,1,H1,KO,24,,,,no_band,24.0,114.0,True,1,away,-1,4.2,8.8,9.8,31.5,29.8,14,2163.0,2190.0,27.0,T12813008_24
101,12813008,2,H2,KO,69,,,,no_band,69.0,114.0,True,2,away,-1,-11.4,-16.5,-7.8,31.5,29.8,14,2163.0,2190.0,27.0,T12813008_69
102,12812996,1,H1,KO,25,,,,no_band,25.0,115.0,True,0,level,-1,0.4,6.5,14.0,31.6,29.9,15,2097.0,2177.0,80.0,T12812996_25
102,12812996,2,H2,KO,69,,,,no_band,69.0,115.0,True,1,home,1,-24.8,10.0,-57.4,31.6,29.9,15,2097.0,2177.0,-80.0,T12812996_69
103,12813003,1,H1,KO,23,,,,no_band,23.0,122.0,True,2,away,-1,17.6,5.7,4.0,34.2,31.4,17,2121.0,2074.0,-47.0,T12813003_23
103,12813003,2,H2,KO,68,,,,no_band,68.0,122.0,True,1,away,-1,-1.4,-11.6,-22.8,34.2,31.4,17,2121.0,2074.0,-47.0,T12813003_68
104,12813005,1,H1,KO,25,,,,no_band,25.0,172.0,True,0,level,1,8.0,1.1,4.2,24.9,26.9,15,2232.0,2200.0,32.0,T12813005_25
104,12813005,2,H2,KO,67,,,,no_band,67.0,172.0,True,0,level,1,30.8,9.2,50.0,24.9,26.9,15,2232.0,2200.0,32.0,T12813005_67
