tournament,match_id,stage,home,away,home_score,away_score,h1_end_minute,h2_end_minute,went_to_extra_time,et1_end_minute,et2_end_minute
WC2018,8650,Quarter-finals,Brazil,Belgium,1,2,46,95,False,,
WC2018,7584,Round of 16,Belgium,Japan,3,2,46,95,False,,
WC2018,7554,Group Stage,England,Panama,6,1,48,94,False,,
WC2018,7539,Group Stage,Poland,Senegal,1,2,46,94,False,,
WC2018,7550,Group Stage,Serbia,Switzerland,1,2,47,95,False,,
WC2018,7538,Group Stage,Sweden,South Korea,1,0,47,94,False,,
WC2018,7534,Group Stage,Germany,Mexico,0,1,46,93,False,,
WC2018,7543,Group Stage,Iran,Spain,0,1,48,94,False,,
WC2018,7544,Group Stage,Uruguay,Saudi Arabia,1,0,47,94,False,,
WC2018,7546,Group Stage,France,Peru,1,0,46,94,False,,
WC2018,7545,Group Stage,Argentina,Croatia,0,3,47,94,False,,
WC2018,7585,Round of 16,Colombia,England,1,1,49,96,True,106.0,121.0
WC2018,7569,Group Stage,Panama,Tunisia,1,2,47,97,False,,
WC2018,7572,Group Stage,Japan,Poland,0,1,46,93,False,,
WC2018,7561,Group Stage,Iceland,Croatia,1,2,47,94,False,,
WC2018,7540,Group Stage,Russia,Egypt,3,1,45,94,False,,
WC2018,7531,Group Stage,Argentina,Iceland,1,1,46,95,False,,
WC2018,7570,Group Stage,England,Belgium,0,1,45,93,False,,
WC2018,7586,Round of 16,Sweden,Switzerland,1,0,46,96,False,,
WC2018,7557,Group Stage,Iran,Portugal,1,1,48,97,False,,
WC2018,7542,Group Stage,Portugal,Morocco,1,0,48,95,False,,
WC2018,8656,Semi-finals,Croatia,England,2,1,46,93,True,108.0,124.0
WC2018,7548,Group Stage,Brazil,Costa Rica,2,0,46,98,False,,
WC2018,7578,Group Stage,Egypt,Uruguay,0,1,46,96,False,,
WC2018,7553,Group Stage,South Korea,Mexico,1,2,46,95,False,,
WC2018,7536,Group Stage,Belgium,Panama,3,0,47,94,False,,
WC2018,7555,Group Stage,Poland,Colombia,0,3,49,95,False,,
WC2018,7576,Group Stage,Portugal,Spain,3,3,45,94,False,,
WC2018,7565,Group Stage,Serbia,Brazil,0,2,46,93,False,,
WC2018,7551,Group Stage,Germany,Sweden,2,1,47,97,False,,
WC2018,7537,Group Stage,Tunisia,England,1,2,48,94,False,,
WC2018,7580,Round of 16,France,Argentina,4,3,47,95,False,,
WC2018,7581,Round of 16,Croatia,Denmark,1,1,47,93,True,106.0,121.0
WC2018,7549,Group Stage,Nigeria,Iceland,2,0,47,96,False,,
WC2018,7529,Group Stage,Croatia,Nigeria,2,0,46,94,False,,
WC2018,7562,Group Stage,Australia,Peru,0,2,46,94,False,,
WC2018,7571,Group Stage,Senegal,Colombia,0,1,48,93,False,,
WC2018,7568,Group Stage,Switzerland,Costa Rica,2,2,46,95,False,,
WC2018,7530,Group Stage,France,Australia,2,1,46,95,False,,
WC2018,7558,Group Stage,Uruguay,Russia,3,0,47,94,False,,
WC2018,7583,Round of 16,Brazil,Mexico,2,0,45,96,False,,
WC2018,7547,Group Stage,Denmark,Australia,1,1,47,93,False,,
WC2018,7535,Group Stage,Costa Rica,Serbia,0,1,47,97,False,,
WC2018,8649,Quarter-finals,Uruguay,France,0,2,47,94,False,,
WC2018,8658,Final,France,Croatia,4,2,48,95,False,,
WC2018,7582,Round of 16,Spain,Russia,1,1,47,94,True,106.0,121.0
WC2018,7552,Group Stage,Belgium,Tunisia,5,2,49,93,False,,
WC2018,7532,Group Stage,Peru,Denmark,0,1,48,95,False,,
WC2018,7560,Group Stage,Spain,Morocco,2,2,47,96,False,,
WC2018,7533,Group Stage,Brazil,Switzerland,1,1,47,96,False,,
WC2018,7564,Group Stage,Nigeria,Argentina,1,2,47,94,False,,
WC2018,7579,Round of 16,Uruguay,Portugal,2,1,47,95,False,,
WC2018,7577,Group Stage,Morocco,Iran,0,1,47,96,False,,
WC2018,7525,Group Stage,Russia,Saudi Arabia,5,0,47,94,False,,
WC2018,7566,Group Stage,Mexico,Sweden,0,3,47,94,False,,
WC2018,8651,Quarter-finals,Sweden,England,0,2,46,95,False,,
WC2018,7567,Group Stage,South Korea,Germany,2,0,48,99,False,,
WC2018,7541,Group Stage,Colombia,Japan,1,2,46,95,False,,
WC2018,8655,Semi-finals,France,Belgium,1,0,46,96,False,,
WC2018,8657,3rd Place Final,Belgium,England,2,0,47,93,False,,
WC2018,8652,Quarter-finals,Russia,Croatia,2,2,47,95,True,107.0,121.0
WC2018,7563,Group Stage,Denmark,France,0,0,47,93,False,,
WC2018,7556,Group Stage,Japan,Senegal,2,2,45,94,False,,
WC2018,7559,Group Stage,Saudi Arabia,Egypt,2,1,51,95,False,,
WC2022,3857276,Group Stage,Canada,Morocco,1,2,50,93,False,,
WC2022,3857271,Group Stage,England,Iran,6,2,59,103,False,,
WC2022,3857296,Group Stage,Croatia,Belgium,0,0,49,93,False,,
WC2022,3857274,Group Stage,Netherlands,Ecuador,1,1,48,96,False,,
WC2022,3857255,Group Stage,Japan,Spain,2,1,46,97,False,,
WC2022,3857272,Group Stage,England,United States,0,0,46,94,False,,
WC2022,3857278,Group Stage,Iran,United States,0,1,52,99,False,,
WC2022,3857277,Group Stage,Morocco,Croatia,0,0,47,96,False,,
WC2022,3857273,Group Stage,Wales,Iran,0,2,49,102,False,,
WC2022,3857275,Group Stage,Tunisia,France,1,0,47,102,False,,
WC2022,3857261,Group Stage,Wales,England,0,3,50,94,False,,
WC2022,3857290,Group Stage,Switzerland,Cameroon,1,0,47,96,False,,
WC2022,3857298,Group Stage,Portugal,Ghana,3,2,46,100,False,,
WC2022,3857285,Group Stage,Senegal,Netherlands,0,2,47,100,False,,
WC2022,3857282,Group Stage,United States,Wales,1,1,48,100,False,,
WC2022,3857297,Group Stage,Poland,Saudi Arabia,2,0,55,97,False,,
WC2022,3857294,Group Stage,Netherlands,Qatar,2,0,48,96,False,,
WC2022,3857266,Group Stage,France,Denmark,2,1,48,97,False,,
WC2022,3857284,Group Stage,Germany,Japan,1,2,51,98,False,,
WC2022,3857254,Group Stage,Denmark,Tunisia,0,0,49,97,False,,
WC2022,3857265,Group Stage,Mexico,Poland,0,0,47,97,False,,
WC2022,3857301,Group Stage,Qatar,Senegal,1,3,52,96,False,,
WC2022,3857268,Group Stage,Belgium,Canada,1,0,49,95,False,,
WC2022,3857269,Group Stage,Brazil,Switzerland,1,0,46,95,False,,
WC2022,3869321,Quarter-finals,Netherlands,Argentina,2,2,51,102,True,105.0,121.0
WC2022,3857292,Group Stage,Costa Rica,Germany,2,4,46,100,False,,
WC2022,3857295,Group Stage,Japan,Costa Rica,0,1,45,96,False,,
WC2022,3869685,Final,Argentina,France,3,3,52,98,True,106.0,124.0
WC2022,3869684,3rd Place Final,Croatia,Morocco,2,1,46,96,False,,
WC2022,3857256,Group Stage,Serbia,Switzerland,2,3,47,100,False,,
WC2022,3869151,Round of 16,Argentina,Australia,2,1,47,97,False,,
WC2022,3857257,Group Stage,Australia,Denmark,1,0,47,96,False,,
WC2022,3857258,Group Stage,Brazil,Serbia,2,0,46,97,False,,
WC2022,3857288,Group Stage,Tunisia,Australia,0,1,50,96,False,,
WC2022,3857267,Group Stage,Ecuador,Senegal,1,2,51,96,False,,
WC2022,3857287,Group Stage,Uruguay,South Korea,0,0,46,97,False,,
WC2022,3869486,Quarter-finals,Morocco,Portugal,1,0,47,98,False,,
WC2022,3857260,Group Stage,Saudi Arabia,Mexico,1,2,51,97,False,,
WC2022,3857264,Group Stage,Poland,Argentina,0,2,48,96,False,,
WC2022,3857289,Group Stage,Argentina,Mexico,2,0,50,96,False,,
WC2022,3869254,Round of 16,Portugal,Switzerland,6,1,48,94,False,,
WC2022,3869118,Round of 16,England,Senegal,3,0,48,94,False,,
WC2022,3869519,Semi-finals,Argentina,Croatia,3,0,49,95,False,,
WC2022,3869354,Quarter-finals,England,France,1,2,49,100,False,,
WC2022,3869552,Semi-finals,France,Morocco,2,0,48,95,False,,
WC2022,3869420,Quarter-finals,Croatia,Brazil,1,1,46,93,True,108.0,122.0
WC2022,3869220,Round of 16,Morocco,Spain,0,0,46,95,True,106.0,123.0
WC2022,3869219,Round of 16,Japan,Croatia,1,1,47,94,True,106.0,121.0
WC2022,3869253,Round of 16,Brazil,South Korea,4,1,49,93,False,,
WC2022,3869152,Round of 16,France,Poland,3,1,47,99,False,,
WC2022,3869117,Round of 16,Netherlands,United States,3,1,46,96,False,,
WC2022,3857270,Group Stage,Portugal,Uruguay,2,0,47,100,False,,
WC2022,3857263,Group Stage,Spain,Germany,1,1,47,95,False,,
WC2022,3857259,Group Stage,Cameroon,Serbia,3,3,52,96,False,,
WC2022,3857283,Group Stage,Belgium,Morocco,0,2,48,95,False,,
WC2022,3857286,Group Stage,Qatar,Ecuador,0,2,50,95,False,,
WC2022,3857300,Group Stage,Argentina,Saudi Arabia,1,2,51,103,False,,
WC2022,3857299,Group Stage,South Korea,Ghana,2,3,50,100,False,,
WC2022,3857293,Group Stage,Ghana,Uruguay,0,2,53,100,False,,
WC2022,3857291,Group Stage,Spain,Costa Rica,7,0,50,98,False,,
WC2022,3857281,Group Stage,Croatia,Canada,4,1,50,96,False,,
WC2022,3857280,Group Stage,Cameroon,Brazil,1,0,48,100,False,,
WC2022,3857279,Group Stage,France,Australia,4,1,51,97,False,,
WC2022,3857262,Group Stage,South Korea,Portugal,2,1,47,96,False,,
