match_id,n_shots,goals_pdf,goals_expected,own_goals_inferred,goals_match,xg_home_pdf,xg_home_meta,subs_on,subs_off,subs_balanced,n_physical_rows,sub_flags
1,19,2,2,0,True,1.78,1.84,8,9,False,29,"Mexico Cesar MONTES: unexplained markers [92] (mins=90, starting); South Africa Sphephelo SITHOLE: unexplained markers [49] (mins=90, starting); South Africa Themba ZWANE: unexplained markers [81, 62] (mins=29, substitutes); Mexico Edson Omar Alvarez: sub implied by lineup minutes (14) but no PDF row parsed"
2,22,3,3,0,True,1.77,1.45,9,10,False,30,South Korea SON Heungmin: no lineup match for markers [69]; South Korea LEE Jaesung: no lineup match for markers [62]; South Korea HWANG Heechan: no lineup match for markers [62]; South Korea Heung Min Son: sub implied by lineup minutes (69) but no PDF row parsed; South Korea Jae Sung Lee: sub implied by lineup minutes (62) but no PDF row parsed; South Korea Hee Chan Hwang: sub implied by lineup minutes (28) but no PDF row parsed
3,21,2,2,0,True,1.49,1.35,10,10,True,30,"Canada Stephen EUSTAQUIO: unexplained markers [1] (mins=90, starting); Canada Tani OLUWASEYI: no lineup match for markers [76]; Canada Jonathan OSORIO: markers [1] far from expected 89; Canada Tanitoluwa Oluwatimilehin Oluwaseyi: sub implied by lineup minutes (76) but no PDF row parsed"
4,25,4,5,1,True,1.88,2.76,9,10,False,28,USA Giovanni Alejandro Reyna: sub implied by lineup minutes (8) but no PDF row parsed
5,31,1,2,1,True,0.52,0.78,10,10,True,29,Switzerland Miro MUHEIM: markers [5] far from expected 89
6,26,2,2,0,True,0.99,1.62,10,10,True,29,"Brazil CASEMIRO: no lineup match for markers [37, 45]; Brazil VINICIUS JUNIOR: no lineup match for markers [32]; Brazil BRUNO GUIMARAES: no lineup match for markers [80]; Brazil ROGER IBANEZ: no lineup match for markers [43, 45]; Brazil DANILO: no lineup match for markers [45]; Brazil LUIZ HENRIQUE: no lineup match for markers [62]; Morocco Azzedine OUNAHI: no lineup match for markers [65]; Brazil Henrique: sub implied by lineup minutes (46) but no PDF row parsed; Brazil GUIMARAESBruno Bruno: sub implied by lineup minutes (80) but no PDF row parsed; Brazil Luiz Danilo: sub implied by lineup minutes (44) but no PDF row parsed; Brazil Henrique André Luiz: sub implied by lineup minutes (29) but no PDF row parsed; Brazil IBANEZRoger Roger: sub implied by lineup minutes (46) but no PDF row parsed; Morocco Azz-Eddine Ounahi: sub implied by lineup minutes (64) but no PDF row parsed"
7,24,1,1,0,True,0.7,1.25,7,7,True,28,"Haiti Louicius DEEDSON: no lineup match for markers [61]; Scotland John McGINN: no lineup match for markers [83, 28]; Scotland Ben GANNON DOAK: no lineup match for markers [75]; Scotland Kenny McLEAN: no lineup match for markers [95, 83]; Haiti Don Deedson Deedson: sub implied by lineup minutes (61) but no PDF row parsed; Scotland Ben Gannon Gannon-Doak: sub implied by lineup minutes (75) but no PDF row parsed"
8,39,2,2,0,True,0.99,1.48,10,10,True,31,"Australia Paul OKON ENGSTLER: no lineup match for markers [84]; Türkiye Ismail YUKSEK: no lineup match for markers [81]; Türkiye Baris Alper YILMAZ: no lineup match for markers [45]; Türkiye Mert MULDUR: unexplained markers [81] (mins=0, substitutes); Australia Jason Kato Geria: sub implied by lineup minutes (16) but no PDF row parsed; Australia Paul Michael Junior Okon-Engstler: sub implied by lineup minutes (83) but no PDF row parsed; Türkiye Mehmet Zeki Celik: sub implied by lineup minutes (80) but no PDF row parsed; Türkiye Ismailİsma Yuksek: sub implied by lineup minutes (80) but no PDF row parsed; Türkiye Barı ş Alper Yilmaz: sub implied by lineup minutes (46) but no PDF row parsed"
9,34,8,8,0,True,4.17,4.82,8,8,True,28,"Germany Kai HAVERTZ: unexplained markers [5] (mins=90, starting); Curaçao Juergen LOCADIA: no lineup match for markers [65]; Curaçao Sontje HANSEN: no lineup match for markers [45]; Germany Waldemar Anton: sub implied by lineup minutes (7) but no PDF row parsed; Curaçao Jürgen Leonardo Locadia: sub implied by lineup minutes (65) but no PDF row parsed; Curaçao Juniffer Naigelino Hansen: sub implied by lineup minutes (46) but no PDF row parsed"
10,19,3,4,1,True,0.63,1.95,10,10,True,29,
11,27,1,1,0,True,1.88,1.1,9,9,True,29,Côte d'Ivoire Ange Yoan BONNY: no lineup match for markers [56]; Côte d'Ivoire Ange-Yoan Laurent Bonny: sub implied by lineup minutes (34) but no PDF row parsed
12,19,6,6,0,True,2.09,3.12,10,10,True,30,Tunisia Elias ACHOURI: no lineup match for markers [72]; Sweden Lucas Erik Holger Bergvall: sub implied by lineup minutes (25) but no PDF row parsed; Tunisia Mohamed Elyes Achouri: sub implied by lineup minutes (18) but no PDF row parsed
13,33,0,0,0,True,2.26,2.15,9,10,False,31,"Spain Dani OLMO: no lineup match for markers [81]; Spain Nico WILLIAMS: no lineup match for markers [87]; Cabo Verde JOVANE CABRAL: no lineup match for markers [61]; Cabo Verde SIDNY LOPES CABRAL: no lineup match for markers [76, 16]; Cabo Verde WILLY SEMEDO: no lineup match for markers [61]; Cabo Verde TELMO ARCANJO: no lineup match for markers [79]; Spain Daniel Olmo: sub implied by lineup minutes (9) but no PDF row parsed; Spain Nicholas Williams: sub implied by lineup minutes (3) but no PDF row parsed; Cabo Verde Eduardo Jovane: sub implied by lineup minutes (61) but no PDF row parsed; Cabo Verde CABRALSidny Sidny Lopes: sub implied by lineup minutes (76) but no PDF row parsed; Cabo Verde Johnson Willy: sub implied by lineup minutes (29) but no PDF row parsed; Cabo Verde Emanuel Telmo: sub implied by lineup minutes (11) but no PDF row parsed"
14,29,1,2,1,True,1.07,1.58,10,10,True,31,Belgium Matias FERNANDEZ PARDO: no lineup match for markers [86]; Belgium Matias Fernandez-Pardo: sub implied by lineup minutes (4) but no PDF row parsed
15,34,2,2,0,True,1.06,0.85,10,7,False,31,"Saudi Arabia FERAS ALBRIKAN: no lineup match for markers [3]; Saudi Arabia SAUD ABDULHAMID: unexplained markers [3] (mins=90, starting); Saudi Arabia MOTEB ALHARBI: unexplained markers [3] (mins=90, starting); Saudi Arabia ALA ALHAJJI: markers [3] far from expected 89; Saudi Arabia ABDULLAH ALHAMDDAN: markers [3] far from expected 89; Uruguay Maxi ARAUJO: no lineup match for markers [81, 80]; Saudi Arabia Mohammed Ali Lajami: sub implied by lineup minutes (1) but no PDF row parsed; Uruguay Maximiliano Javier Araujo: sub implied by lineup minutes (81) but no PDF row parsed"
16,31,4,4,0,True,1.85,1.88,9,7,False,29,"New Zealand Tim PAYNE: no lineup match for markers [78]; New Zealand Marko STAMENIC: unexplained markers [2] (mins=90, starting); New Zealand Sarpreet SINGH: unexplained markers [2] (mins=90, starting); New Zealand Callum McCOWATT: no lineup match for markers [68]; New Zealand Tyler BINDON Third: no lineup match for markers [2]; New Zealand Ben OLD: no lineup match for markers [68]; New Zealand Jesse RANDALL: markers [2] far from expected 89; IR Iran Ehsan Hajisafi: sub implied by lineup minutes (25) but no PDF row parsed; New Zealand Timothy John Payne: sub implied by lineup minutes (78) but no PDF row parsed; New Zealand Tyler Grant Bindon: sub implied by lineup minutes (1) but no PDF row parsed; New Zealand Benjamin Craig Old: sub implied by lineup minutes (22) but no PDF row parsed; New Zealand Mc: sub implied by lineup minutes (68) but no PDF row parsed"
17,17,4,4,0,True,1.62,2.44,7,7,True,26,"France Kylian MBAPPE: unexplained markers [6] (mins=90, starting)"
18,22,3,5,2,True,1.2,0.68,10,10,True,30,"Iraq HUSSEIN ALI: no lineup match for markers [73]; Iraq AYMEN HUSSEIN: unexplained markers [7] (mins=90, starting); Iraq AHMED QASEM: no lineup match for markers [73]; Norway Leo OSTIGARD Third: no lineup match for markers [76, 73]; Iraq Haydar Hussein Hussein: sub implied by lineup minutes (73) but no PDF row parsed; Iraq Ihab Ahmed Ahmed: sub implied by lineup minutes (17) but no PDF row parsed; Norway Leo Skiri Ostigard: sub implied by lineup minutes (17) but no PDF row parsed"
19,17,3,3,0,True,1.58,2.65,10,10,True,29,Argentina Nico GONZALEZ: no lineup match for markers [55]; Argentina Nico PAZ: no lineup match for markers [80]; Algeria Houssem AOUAR: no lineup match for markers [64]; Algeria Mohamed AMOURA: no lineup match for markers [64]; Argentina Nicolas Ivan Gonzalez: sub implied by lineup minutes (35) but no PDF row parsed; Argentina Nicolas Paz: sub implied by lineup minutes (10) but no PDF row parsed; Algeria Houssem-Eddine Chaabane Aouar: sub implied by lineup minutes (26) but no PDF row parsed; Algeria Mohammed Elamine Amoura: sub implied by lineup minutes (26) but no PDF row parsed
20,21,3,4,1,True,1.93,1.98,11,10,False,31,Jordan SALEEM OBAID: no lineup match for markers [72]; Jordan SAED ALROSAN: no lineup match for markers [81]; Austria Kevin Danso: sub implied by lineup minutes (31) but no PDF row parsed; Jordan Amer Saleem Saleem: sub implied by lineup minutes (18) but no PDF row parsed; Jordan Ahmad Salameh Saed: sub implied by lineup minutes (9) but no PDF row parsed
21,15,2,2,0,True,0.57,1.78,9,10,False,29,"Portugal NUNO MENDES: no lineup match for markers [72]; Portugal NELSON SEMEDO: no lineup match for markers [72, 88]; Portugal GONCALO RAMOS: no lineup match for markers [83]; Congo DR Aaron WAN BISSAKA: no lineup match for markers [85]; Congo DR Yoane WISSA: unexplained markers [5] (mins=90, starting); Portugal SEMEDONélson Nelson: sub implied by lineup minutes (18) but no PDF row parsed; Portugal RAMOSGonçalo Goncalo: sub implied by lineup minutes (7) but no PDF row parsed; Portugal Alexandre Nuno: sub implied by lineup minutes (72) but no PDF row parsed; Congo DR Wan Wan-Bissaka: sub implied by lineup minutes (85) but no PDF row parsed"
22,32,6,6,0,True,3.33,2.92,10,10,True,32,England Noni MADUEKE: no lineup match for markers [72]; England Marc GUEHI: no lineup match for markers [87]; England Djed SPENCE: no lineup match for markers [80]; England Keaninkin Marc-Isreal Guehi: sub implied by lineup minutes (3) but no PDF row parsed; England Bukayo Ayoyinka Saka: sub implied by lineup minutes (18) but no PDF row parsed; England Azuka Tristan Madueke: sub implied by lineup minutes (72) but no PDF row parsed; England Tehuti Djed-Hotep Spence: sub implied by lineup minutes (10) but no PDF row parsed
23,18,1,1,0,True,0.98,1.3,9,10,False,29,"Ghana Caleb YIRENKYI: unexplained markers [5] (mins=90, starting); Ghana Kamaldeen SULEMANA: no lineup match for markers [58]; Ghana Brandon THOMAS ASANTE: no lineup match for markers [58]; Ghana Brandon Michael Clarke Thomas-Asante: sub implied by lineup minutes (32) but no PDF row parsed; Ghana Kamal Deen Sulemana: sub implied by lineup minutes (58) but no PDF row parsed"
24,23,4,4,0,True,1.11,0.95,10,7,False,30,"Uzbekistan Rustam ASHURMATOV: no lineup match for markers [77]; Uzbekistan Eldor SHOMURODOV: unexplained markers [3] (mins=90, starting); Uzbekistan Igor SERGEEV: markers [3] far from expected 89; Colombia Luis DIAZ: unexplained markers [3] (mins=90, starting); Colombia Jhon ARIAS: unexplained markers [3] (mins=90, starting); Colombia Kevin CASTANO Third: no lineup match for markers [3]; Colombia Cucho HERNANDEZ: no lineup match for markers [80]; Colombia Andres GOMEZ: markers [3] far from expected 89; Uzbekistan Farrukh Sayfiev: sub implied by lineup minutes (44) but no PDF row parsed; Uzbekistan Rustamjon Ashurmatov: sub implied by lineup minutes (77) but no PDF row parsed; Colombia Kevin Duvan Castano: sub implied by lineup minutes (1) but no PDF row parsed; Colombia Juan Camilo Hernandez: sub implied by lineup minutes (10) but no PDF row parsed"
25,17,1,1,0,True,0.34,1.62,10,10,True,30,South Korea SON Heungmin: no lineup match for markers [57]; South Korea LEE Jaesung: no lineup match for markers [57]; South Korea HWANG Heechan: no lineup match for markers [57]; South Korea Heung Min Son: sub implied by lineup minutes (57) but no PDF row parsed; South Korea Jae Sung Lee: sub implied by lineup minutes (57) but no PDF row parsed; South Korea Hee Chan Hwang: sub implied by lineup minutes (33) but no PDF row parsed
26,30,2,2,0,True,1.36,1.35,8,8,True,27,
27,34,5,6,1,True,3.9,3.82,10,9,False,30,"Canada Jonathan DAVID: unexplained markers [3, 2] (mins=90, starting); Canada Tani OLUWASEYI: no lineup match for markers [71]; Canada Nathan SALIBA: no lineup match for markers [55, 64]; Qatar AKRAM AFIF: no lineup match for markers [59]; Qatar HOMAM AHMED: no lineup match for markers [31]; Qatar ASSIM MADIBO: unexplained markers [51] (mins=90, starting); Qatar LUCAS MENDES: no lineup match for markers [87]; Qatar SULTAN ALBRAKE: no lineup match for markers [40]; Qatar AHMED FATHY: markers [87, 45] far from expected 49; Canada Tanitoluwa Oluwatimilehin Oluwaseyi: sub implied by lineup minutes (19) but no PDF row parsed; Canada Nathan-Dylan Saliba: sub implied by lineup minutes (34) but no PDF row parsed; Qatar Michel Lucas: sub implied by lineup minutes (3) but no PDF row parsed; Qatar Hassan Akram: sub implied by lineup minutes (59) but no PDF row parsed; Qatar Hussain Sultan: sub implied by lineup minutes (50) but no PDF row parsed"
28,18,5,5,0,True,1.85,2.45,10,9,False,31,"Switzerland Granit XHAKA: unexplained markers [7] (mins=90, starting); Bosnia and Herzegovina Kerim ALAJBEGOVIC: unexplained markers [1] (mins=90, starting); Bosnia and Herzegovina Ermin MAHMIC: markers [3, 1] far from expected 89"
29,14,2,3,1,True,1.42,1.16,10,10,True,30,"Brazil VINICIUS JUNIOR: no lineup match for markers [3, 81]; Brazil BRUNO GUIMARAES: no lineup match for markers [81]; Brazil EDERSON SILVA: no lineup match for markers [81]; Brazil GABRIEL MARTINELLI: no lineup match for markers [64]; Haiti Louicius DEEDSON: no lineup match for markers [63]; Brazil José Ederson Silva: sub implied by lineup minutes (9) but no PDF row parsed; Brazil José Vinicius: sub implied by lineup minutes (81) but no PDF row parsed; Brazil GUIMARAESBruno Bruno: sub implied by lineup minutes (81) but no PDF row parsed; Brazil MARTINELLIGabriel Gabriel: sub implied by lineup minutes (26) but no PDF row parsed; Haiti Don Deedson Deedson: sub implied by lineup minutes (27) but no PDF row parsed"
30,18,1,1,0,True,0.74,0.97,8,7,False,29,Scotland Andy ROBERTSON: no lineup match for markers [65]; Scotland John McGINN: no lineup match for markers [89]; Scotland Ben GANNON DOAK: no lineup match for markers [60]; Scotland Kenny McLEAN: no lineup match for markers [71]; Morocco Azzedine OUNAHI: no lineup match for markers [90]; Scotland Ben Gannon Gannon-Doak: sub implied by lineup minutes (30) but no PDF row parsed
31,14,1,2,1,True,1.58,1.21,10,8,False,29,"USA Chris RICHARDS: no lineup match for markers [93]; USA Weston McKENNIE: no lineup match for markers [6]; USA Alex FREEMAN: no lineup match for markers [44]; USA Folarin BALOGUN: unexplained markers [6] (mins=90, starting); USA Haji WRIGHT: markers [6] far from expected 89; USA Joe SCALLY: no lineup match for markers [80]; Australia Paul OKON ENGSTLER: no lineup match for markers [78]; Australia Jason GERIA Third: no lineup match for markers [45]; USA Giovanni Alejandro Reyna: sub implied by lineup minutes (1) but no PDF row parsed; USA Joseph Michael Scally: sub implied by lineup minutes (10) but no PDF row parsed; Australia Jason Kato Geria: sub implied by lineup minutes (44) but no PDF row parsed; Australia Paul Michael Junior Okon-Engstler: sub implied by lineup minutes (78) but no PDF row parsed"
32,39,1,1,0,True,2.13,0.4,10,8,False,30,"Türkiye Abdulkerim BARDAKCI: no lineup match for markers [86]; Türkiye Ismail YUKSEK: no lineup match for markers [60]; Türkiye Baris Alper YILMAZ: no lineup match for markers [45]; Paraguay Miguel ALMIRON: unexplained markers [48] (mins=90, starting); Paraguay Jose CANALE: markers [2] far from expected 89; Paraguay Gabriel AVALOS: markers [1] far from expected 89; Türkiye Abdülker Bardakci: sub implied by lineup minutes (86) but no PDF row parsed; Türkiye Ismailİsma Yuksek: sub implied by lineup minutes (60) but no PDF row parsed; Türkiye Barı ş Alper Yilmaz: sub implied by lineup minutes (44) but no PDF row parsed"
33,24,3,3,0,True,2.47,1.85,10,10,True,31,Côte d'Ivoire Ange Yoan BONNY: no lineup match for markers [75]; Côte d'Ivoire Ange-Yoan Laurent Bonny: sub implied by lineup minutes (75) but no PDF row parsed
34,37,0,0,0,True,2.76,1.92,9,9,True,28,Curaçao Juergen LOCADIA: no lineup match for markers [83]; Curaçao Roshon VAN EIJMA Third: no lineup match for markers [76]; Curaçao Róshón Felix Romar Jordan Van Eijma: sub implied by lineup minutes (15) but no PDF row parsed; Curaçao Jürgen Leonardo Locadia: sub implied by lineup minutes (83) but no PDF row parsed
35,26,6,6,0,True,2.25,3.45,10,9,False,30,"Sweden Gabriel GUDMUNDSSON: unexplained markers [3] (mins=90, starting); Sweden Lucas BERGVALL Third: no lineup match for markers [80, 56]; Sweden Elliot STROUD: markers [3] far from expected 89; Sweden Lucas Erik Holger Bergvall: sub implied by lineup minutes (35) but no PDF row parsed"
36,12,3,4,1,True,0.02,0.35,10,8,False,31,"Tunisia Ali ABDI: unexplained markers [1] (mins=90, starting); Tunisia Ellyes SKHIRI: unexplained markers [1] (mins=90, starting); Tunisia Rani KHEDIRA: markers [1] far from expected 89; Tunisia Mohamed Elyes Achouri: sub implied by lineup minutes (1) but no PDF row parsed"
37,30,0,0,0,True,1.48,1.45,10,10,True,30,Belgium Matias FERNANDEZ PARDO: no lineup match for markers [87]; IR Iran Mehdi TORABI: no lineup match for markers [66]; Belgium Arthur Nicolas Theate: sub implied by lineup minutes (17) but no PDF row parsed; Belgium Matias Fernandez-Pardo: sub implied by lineup minutes (3) but no PDF row parsed; IR Iran Mahdi Torabi: sub implied by lineup minutes (24) but no PDF row parsed
38,30,4,4,0,True,0.71,0.55,11,10,False,31,"New Zealand Tim PAYNE: no lineup match for markers [85]; New Zealand Callum McCOWATT: no lineup match for markers [34, 66]; New Zealand Ben OLD: no lineup match for markers [66]; Egypt OMAR MARMOUSH: no lineup match for markers [76]; Egypt HOSSAM ABDELMAGUID Third: no lineup match for markers [9, 85]; Egypt MOHAMED ABDELMONEIM: markers [9] far from expected 89; New Zealand Timothy John Payne: sub implied by lineup minutes (85) but no PDF row parsed; New Zealand Tyler Grant Bindon: sub implied by lineup minutes (5) but no PDF row parsed; New Zealand Benjamin Craig Old: sub implied by lineup minutes (24) but no PDF row parsed; New Zealand Mc: sub implied by lineup minutes (66) but no PDF row parsed; Egypt Abdelmegeed Abdelsalam Hossam Abdelmaguid: sub implied by lineup minutes (6) but no PDF row parsed; Egypt Mohamed Abdelsalam Omar: sub implied by lineup minutes (76) but no PDF row parsed"
39,25,3,4,1,True,3.2,3.28,10,10,True,30,"Spain Dani OLMO: no lineup match for markers [61]; Spain Alex BAENA: no lineup match for markers [62]; Spain Nico WILLIAMS: no lineup match for markers [62]; Saudi Arabia FERAS ALBRIKAN: no lineup match for markers [60]; Saudi Arabia MOHAMED KANNO: no lineup match for markers [60, 45]; Spain Daniel Olmo: sub implied by lineup minutes (61) but no PDF row parsed; Spain Alejandro Baena: sub implied by lineup minutes (61) but no PDF row parsed; Spain Nicholas Williams: sub implied by lineup minutes (29) but no PDF row parsed; Saudi Arabia Tariq Feras: sub implied by lineup minutes (60) but no PDF row parsed; Saudi Arabia Ibrahim Mohamed: sub implied by lineup minutes (44) but no PDF row parsed"
40,29,4,4,0,True,2.23,1.65,8,8,True,29,"Uruguay Agustin CANOBBIO: unexplained markers [6] (mins=90, starting); Uruguay Maxi ARAUJO: no lineup match for markers [44, 82]; Cabo Verde DINEY BORGES: no lineup match for markers [93]; Cabo Verde GILSON BENCHIMOL: no lineup match for markers [58]; Cabo Verde GARRY RODRIGUES: no lineup match for markers [59]; Cabo Verde SIDNY LOPES CABRAL: no lineup match for markers [5]; Cabo Verde TELMO ARCANJO: no lineup match for markers [45]; Cabo Verde YANNICK SEMEDO: no lineup match for markers [80]; Uruguay Maximiliano Javier Araujo: sub implied by lineup minutes (81) but no PDF row parsed; Cabo Verde BENCHIMOLGilson Gilson: sub implied by lineup minutes (58) but no PDF row parsed; Cabo Verde RODRIGUESGarry Garry: sub implied by lineup minutes (58) but no PDF row parsed; Cabo Verde SEMEDOJair Yannick: sub implied by lineup minutes (10) but no PDF row parsed; Cabo Verde Emanuel Telmo: sub implied by lineup minutes (46) but no PDF row parsed"
41,23,3,3,0,True,2.3,2.21,10,9,False,29,"France Kylian MBAPPE: unexplained markers [1] (mins=90, starting); France Marcus THURAM: markers [1] far from expected 89; Iraq AIMAR SHER: no lineup match for markers [68]; Iraq Hazar Anwar Aimar: sub implied by lineup minutes (22) but no PDF row parsed"
42,29,5,5,0,True,1.5,1.95,10,10,True,29,"Norway Torbjorn HEGGEM: no lineup match for markers [84]; Senegal Ismaila SARR: unexplained markers [3] (mins=90, starting); Norway Leo Skiri Ostigard: sub implied by lineup minutes (6) but no PDF row parsed; Norway Torbjørn Lysaker Heggem: sub implied by lineup minutes (84) but no PDF row parsed"
43,18,2,2,0,True,2.45,1.78,10,10,True,30,"Argentina Lionel MESSI: unexplained markers [5] (mins=90, starting); Argentina Nico GONZALEZ: no lineup match for markers [65]; Argentina Nicolás Alejandro Tagliafico: sub implied by lineup minutes (8) but no PDF row parsed; Argentina Nicolas Ivan Gonzalez: sub implied by lineup minutes (26) but no PDF row parsed"
44,24,3,3,0,True,0.38,0.88,10,8,False,30,"Jordan HUSAM ABUDAHAB: unexplained markers [1] (mins=90, starting); Jordan ALI OLWAN: unexplained markers [2] (mins=90, starting); Jordan MOHAMMAD ABUHASHEESH: no lineup match for markers [85]; Jordan MOHAMMAD ABUZRAIQ: no lineup match for markers [2]; Jordan ODEH FAKHOURY: unexplained markers [77] (mins=0, substitutes); Jordan SALEEM OBAID: no lineup match for markers [1]; Algeria Rayan AIT NOURI: no lineup match for markers [85]; Jordan Ali Hasan Mohammad: sub implied by lineup minutes (5) but no PDF row parsed; Jordan Faisal Yousef Mohammad: sub implied by lineup minutes (1) but no PDF row parsed; Jordan Amer Saleem Saleem: sub implied by lineup minutes (1) but no PDF row parsed; Algeria Rayan Ait-Nouri: sub implied by lineup minutes (85) but no PDF row parsed"
45,24,4,5,1,True,2.03,3.54,10,8,False,30,"Portugal NUNO MENDES: no lineup match for markers [17]; Portugal NELSON SEMEDO: no lineup match for markers [45]; Uzbekistan Abduvohid NEMATOV: no lineup match for markers [60]; Uzbekistan Otabek SHUKUROV: unexplained markers [2] (mins=90, starting); Uzbekistan Behruzjon KARIMOV: unexplained markers [2] (mins=90, starting); Uzbekistan Ruslanbek JIYANOV: markers [2] far from expected 89; Uzbekistan Sherzod ESANOV: markers [2] far from expected 89; Portugal SEMEDONélson Nelson: sub implied by lineup minutes (44) but no PDF row parsed"
46,26,1,1,0,True,1.54,1.62,8,9,False,28,
47,21,0,0,0,True,1.78,1.12,9,8,False,29,England Noni MADUEKE: no lineup match for markers [83]; England Djed SPENCE: no lineup match for markers [66]; Ghana Baba RAHMAN: no lineup match for markers [5]; England Azuka Tristan Madueke: sub implied by lineup minutes (83) but no PDF row parsed; England Tehuti Djed-Hotep Spence: sub implied by lineup minutes (65) but no PDF row parsed; Ghana Abdul Rahman Rahman: sub implied by lineup minutes (1) but no PDF row parsed
48,14,1,1,0,True,0.69,0.42,9,9,True,29,
49,24,3,3,0,True,0.44,1.1,10,9,False,29,
50,21,1,1,0,True,0.89,1.26,8,8,True,29,South Korea HWANG Heechan: no lineup match for markers [45]; South Korea SON Heungmin Third: no lineup match for markers [45]; South Korea Heung Min Son: sub implied by lineup minutes (44) but no PDF row parsed; South Korea Hee Chan Hwang: sub implied by lineup minutes (46) but no PDF row parsed
51,19,3,3,0,True,1.68,0.71,10,10,True,30,Canada Richie LARYEA: no lineup match for markers [83]; Canada Tani OLUWASEYI: no lineup match for markers [58]; Switzerland Silvan Dominic Widmer: sub implied by lineup minutes (16) but no PDF row parsed; Canada Tanitoluwa Oluwatimilehin Oluwaseyi: sub implied by lineup minutes (32) but no PDF row parsed; Canada Richmond Mamah Laryea: sub implied by lineup minutes (83) but no PDF row parsed
52,23,3,4,1,True,0.77,1.48,10,10,True,29,Qatar ABDULAZIZ HATEM Third: no lineup match for markers [45]; Bosnia and Herzegovina Dennis Hadzikadunic: sub implied by lineup minutes (27) but no PDF row parsed; Qatar Hatim Abdulaziz Hatem: sub implied by lineup minutes (44) but no PDF row parsed
53,35,3,3,0,True,0.69,0.45,10,8,False,30,"Scotland Andy ROBERTSON: no lineup match for markers [45]; Scotland John McGINN: no lineup match for markers [1]; Scotland Ben GANNON DOAK: no lineup match for markers [82]; Scotland Lawrence SHANKLAND: unexplained markers [1] (mins=90, starting); Scotland Che ADAMS: markers [1] far from expected 89; Scotland Findlay CURTIS: markers [1] far from expected 89; Brazil CASEMIRO: no lineup match for markers [65]; Brazil VINICIUS JUNIOR: no lineup match for markers [3, 7]; Brazil GABRIEL MARTINELLI: no lineup match for markers [66]; Scotland Andrew Henry Robertson: sub implied by lineup minutes (46) but no PDF row parsed; Scotland Ben Gannon Gannon-Doak: sub implied by lineup minutes (81) but no PDF row parsed; Brazil Henrique: sub implied by lineup minutes (66) but no PDF row parsed; Brazil MARTINELLIGabriel Gabriel: sub implied by lineup minutes (24) but no PDF row parsed"
54,31,5,6,1,True,2.12,2.35,10,11,False,29,Morocco Azzedine OUNAHI: no lineup match for markers [70]; Haiti Jean Kevin DUVERNE: no lineup match for markers [80]; Haiti Louicius DEEDSON: no lineup match for markers [67]; Morocco Azz-Eddine Ounahi: sub implied by lineup minutes (20) but no PDF row parsed; Haiti Don Deedson Deedson: sub implied by lineup minutes (23) but no PDF row parsed; Haiti Jean-Kévin Duverne: sub implied by lineup minutes (80) but no PDF row parsed
55,25,4,5,1,True,1.71,1.62,9,7,False,29,"Türkiye Baris Alper YILMAZ: no lineup match for markers [31, 2]; Türkiye Oguz AYDIN: unexplained markers [2] (mins=90, starting); Türkiye Irfan Can KAHVECI: markers [2] far from expected 89; Türkiye Mert MULDUR: unexplained markers [2] (mins=0, substitutes); USA Weston McKENNIE: no lineup match for markers [86]; USA Joe SCALLY: no lineup match for markers [77]; USA Alex FREEMAN: no lineup match for markers [77]; USA Alex ZENDEJAS: no lineup match for markers [77]; Türkiye Ça ğ lar Soyuncu: sub implied by lineup minutes (6) but no PDF row parsed; USA Alexander Michael Freeman: sub implied by lineup minutes (14) but no PDF row parsed; USA Joseph Michael Scally: sub implied by lineup minutes (76) but no PDF row parsed; USA Alejandro Zendejas: sub implied by lineup minutes (14) but no PDF row parsed"
56,19,0,0,0,True,0.29,0.55,8,6,False,25,"Paraguay Diego GOMEZ: unexplained markers [2] (mins=90, starting); Paraguay Matias GALARZA: unexplained markers [2] (mins=90, starting); Paraguay Damian BOBADILLA: markers [2] far from expected 89; Australia Paul OKON ENGSTLER: no lineup match for markers [84]; Paraguay Júnior Osmar Ignacio Alonso: sub implied by lineup minutes (1) but no PDF row parsed; Australia Paul Michael Junior Okon-Engstler: sub implied by lineup minutes (6) but no PDF row parsed"
57,18,3,3,0,True,1.29,1.28,10,10,True,29,
58,18,2,2,0,True,0.66,0.32,10,9,False,30,Curaçao Juergen LOCADIA: no lineup match for markers [90]; Côte d'Ivoire Ange Yoan BONNY: no lineup match for markers [67]; Côte d'Ivoire Ange-Yoan Laurent Bonny: sub implied by lineup minutes (67) but no PDF row parsed
59,30,3,4,1,True,0.76,0.62,10,10,True,30,Tunisia Elias ACHOURI: no lineup match for markers [68]; Netherlands Jan Paul VAN HECKE: no lineup match for markers [62]; Tunisia Mohamed Elyes Achouri: sub implied by lineup minutes (23) but no PDF row parsed
60,19,2,2,0,True,1.22,1.12,10,10,True,30,Sweden Lucas BERGVALL Third: no lineup match for markers [37]; Japan Yuto Nagatomo: sub implied by lineup minutes (15) but no PDF row parsed; Sweden Lucas Erik Holger Bergvall: sub implied by lineup minutes (53) but no PDF row parsed
61,41,6,6,0,True,0.3,0.48,10,10,True,31,New Zealand Tim PAYNE: no lineup match for markers [64]; New Zealand Ben OLD: no lineup match for markers [45]; New Zealand Callum McCOWATT: no lineup match for markers [64]; Belgium Matias FERNANDEZ PARDO: no lineup match for markers [56]; New Zealand Timothy John Payne: sub implied by lineup minutes (64) but no PDF row parsed; New Zealand Michael Joseph Boxall: sub implied by lineup minutes (26) but no PDF row parsed; New Zealand Benjamin Craig Old: sub implied by lineup minutes (44) but no PDF row parsed; New Zealand Mc: sub implied by lineup minutes (26) but no PDF row parsed; Belgium Matias Fernandez-Pardo: sub implied by lineup minutes (34) but no PDF row parsed
62,28,2,2,0,True,0.92,0.85,8,8,True,28,"Egypt OMAR MARMOUSH: no lineup match for markers [45]; IR Iran Shoja KHALILZADEH: no lineup match for markers [94]; IR Iran Mohammad MOHEBBI: unexplained markers [1] (mins=90, starting); IR Iran Hossein KANANI: no lineup match for markers [45, 19]; IR Iran Alireza JAHANBAKHSH: markers [1] far from expected 89; Egypt Ahmed Ibrahim Yasser: sub implied by lineup minutes (76) but no PDF row parsed; Egypt Mohamed Abdelsalam Omar: sub implied by lineup minutes (44) but no PDF row parsed; IR Iran Mohammadhossein Kanani: sub implied by lineup minutes (46) but no PDF row parsed"
63,11,1,1,0,True,0.22,0.78,9,10,False,30,"Spain Alex BAENA: no lineup match for markers [66, 46, 42]; Spain Dani OLMO: no lineup match for markers [60]; Spain Nico WILLIAMS: no lineup match for markers [76]; Spain Daniel Olmo: sub implied by lineup minutes (30) but no PDF row parsed; Spain Alejandro Baena: sub implied by lineup minutes (66) but no PDF row parsed; Spain Nicholas Williams: sub implied by lineup minutes (14) but no PDF row parsed"
64,22,0,0,0,True,1.37,0.42,10,9,False,29,"Cabo Verde WILLY SEMEDO: no lineup match for markers [61]; Cabo Verde RYAN MENDES: no lineup match for markers [72]; Cabo Verde WAGNER PINA: unexplained markers [4] (mins=90, starting); Cabo Verde GARRY RODRIGUES: no lineup match for markers [72]; Cabo Verde STEVEN MOREIRA: no lineup match for markers [4]; Saudi Arabia FERAS ALBRIKAN: no lineup match for markers [93]; Saudi Arabia ALI LAJAMI Third: no lineup match for markers [33]; Cabo Verde RODRIGUESGarry Garry: sub implied by lineup minutes (19) but no PDF row parsed; Cabo Verde Johnson Willy: sub implied by lineup minutes (61) but no PDF row parsed; Cabo Verde Isaac Ryan: sub implied by lineup minutes (71) but no PDF row parsed; Cabo Verde MOREIRASteven Steven: sub implied by lineup minutes (1) but no PDF row parsed; Saudi Arabia Mohammed Ali Lajami: sub implied by lineup minutes (57) but no PDF row parsed"
65,27,5,5,0,True,1.45,1.3,10,10,True,28,"Norway Thelo AASGAARD: no lineup match for markers [21]; France Desire DOUE: unexplained markers [4] (mins=90, starting); France Jean Philippe MATETA: no lineup match for markers [87]; France Dayotchanculle Oswald Upamecano: sub implied by lineup minutes (76) but no PDF row parsed; France Jean-Philippe Mateta: sub implied by lineup minutes (4) but no PDF row parsed"
66,33,4,5,1,True,2.7,3.01,10,10,True,29,"Iraq REBIN SULAKA: unexplained markers [9] (mins=90, starting); Iraq AHMED QASEM: no lineup match for markers [16]; Iraq MERCHAS DOSKI: no lineup match for markers [90]; Iraq Ihab Ahmed Ahmed: sub implied by lineup minutes (16) but no PDF row parsed"
67,18,4,4,0,True,0.96,0.76,10,10,True,29,"Jordan ODEH FAKHOURY: unexplained markers [45] (mins=0, starting); Jordan MOHAMMAD ABUZRAIQ: no lineup match for markers [90, 94]; Jordan SALEEM OBAID: no lineup match for markers [90]; Argentina Nico PAZ: no lineup match for markers [61]; Jordan Rasem Adel Amer Jamous: sub implied by lineup minutes (14) but no PDF row parsed; Jordan Faisal Yousef Mohammad: sub implied by lineup minutes (1) but no PDF row parsed; Jordan Amer Saleem Saleem: sub implied by lineup minutes (1) but no PDF row parsed; Argentina Nicolas Paz: sub implied by lineup minutes (60) but no PDF row parsed"
68,22,6,6,0,True,1.54,1.62,9,7,False,27,"Algeria Riyad MAHREZ: unexplained markers [3] (mins=90, starting); Algeria Houssem AOUAR: no lineup match for markers [4]; Algeria Rayan AIT NOURI: no lineup match for markers [71]; Algeria Fares GHEDJEMIS: markers [4] far from expected 89; Austria Phillip MWENE: unexplained markers [5] (mins=90, starting); Austria Sasa KALAJDZIC: markers [6, 5] far from expected 89; Algeria Rayan Ait-Nouri: sub implied by lineup minutes (19) but no PDF row parsed; Austria Xaver Schlager: sub implied by lineup minutes (46) but no PDF row parsed"
69,37,0,0,0,True,1.85,1.62,10,9,False,30,Portugal RUBEN NEVES: no lineup match for markers [45]; Portugal NUNO MENDES: no lineup match for markers [2]; Portugal MATHEUS NUNES: no lineup match for markers [2]; Colombia Kevin Duvan Castano: sub implied by lineup minutes (14) but no PDF row parsed; Portugal Luiz Matheus: sub implied by lineup minutes (1) but no PDF row parsed; Portugal Diogo Ruben: sub implied by lineup minutes (46) but no PDF row parsed
70,22,4,4,0,True,2.11,2.35,10,10,True,29,"Congo DR Yoane WISSA: unexplained markers [1] (mins=90, starting)"
71,29,2,2,0,True,0.72,0.69,10,10,True,30,England Ollie WATKINS: no lineup match for markers [84]; England Noni MADUEKE: no lineup match for markers [63]; England Djed SPENCE: no lineup match for markers [63]; England George Arthur Watkins: sub implied by lineup minutes (6) but no PDF row parsed; England Azuka Tristan Madueke: sub implied by lineup minutes (27) but no PDF row parsed; England Tehuti Djed-Hotep Spence: sub implied by lineup minutes (27) but no PDF row parsed
72,14,3,3,0,True,0.48,0.42,9,9,True,29,Ghana Kamaldeen SULEMANA: no lineup match for markers [71]; Ghana Caleb YIRENKYI Third: no lineup match for markers [85]; Ghana Brandon THOMAS ASANTE: no lineup match for markers [71]; Ghana Caleb Marfo Yirenkyi: sub implied by lineup minutes (5) but no PDF row parsed; Ghana Brandon Michael Clarke Thomas-Asante: sub implied by lineup minutes (19) but no PDF row parsed; Ghana Kamal Deen Sulemana: sub implied by lineup minutes (71) but no PDF row parsed
73,18,1,1,0,True,0.16,0.13,8,8,True,28,"Canada Stephen EUSTAQUIO: unexplained markers [2] (mins=90, starting); Canada Tani OLUWASEYI: no lineup match for markers [70]; Canada Nathan SALIBA: no lineup match for markers [59, 54]; Canada Tanitoluwa Oluwatimilehin Oluwaseyi: sub implied by lineup minutes (70) but no PDF row parsed; Canada Nathan-Dylan Saliba: sub implied by lineup minutes (59) but no PDF row parsed"
74,24,3,3,0,True,2.12,1.69,9,6,False,29,"Brazil CASEMIRO: no lineup match for markers [14, 56, 3]; Brazil BRUNO GUIMARAES: no lineup match for markers [8]; Brazil FABINHO: markers [3] far from expected 89; Brazil DANILO SANTOS: markers [8] far from expected 89; Brazil GABRIEL MARTINELLI: no lineup match for markers [66, 6]; Japan Daizen MAEDA: unexplained markers [7] (mins=90, starting); Japan Koki OGAWA: markers [7] far from expected 89; Brazil MARTINELLIGabriel Gabriel: sub implied by lineup minutes (24) but no PDF row parsed"
75,27,2,2,0,True,1.25,0.72,12,11,False,32,"Paraguay 120 Junior ALONSO: unexplained markers [2] (mins=120, starting); Paraguay 120 Fabian BALBUENA: markers [2] far from expected 119; Germany Leon Christoph Goretzka: sub implied by lineup minutes (74) but no PDF row parsed"
76,17,2,2,0,True,0.33,0.23,11,11,True,30,"Morocco Azzedine OUNAHI: no lineup match for markers [86]; Morocco Issa DIOP: unexplained markers [1] (mins=120, starting); Netherlands Marten Elco De Roon: sub implied by lineup minutes (10) but no PDF row parsed; Morocco Azz-Eddine Ounahi: sub implied by lineup minutes (86) but no PDF row parsed"
77,23,3,3,0,True,1.43,1.15,8,6,False,27,"Côte d'Ivoire Ghislain KONAN: unexplained markers [3] (mins=90, starting); Côte d'Ivoire Ange Yoan BONNY: no lineup match for markers [60]; Côte d'Ivoire Yan DIOMANDE: unexplained markers [3] (mins=90, starting); Côte d'Ivoire Evann GUESSAND: markers [3] far from expected 89; Côte d'Ivoire Bazoumana TOURE: markers [3] far from expected 89; Côte d'Ivoire Ange-Yoan Laurent Bonny: sub implied by lineup minutes (60) but no PDF row parsed"
78,33,3,3,0,True,2.9,3.17,10,10,True,30,France Jean Philippe MATETA: no lineup match for markers [85]; France Jean-Philippe Mateta: sub implied by lineup minutes (5) but no PDF row parsed
79,22,2,2,0,True,1.86,1.02,10,11,False,29,
80,23,3,3,0,True,1.75,2.04,9,8,False,29,"England Declan RICE: unexplained markers [1] (mins=90, starting); England Noni MADUEKE: no lineup match for markers [61]; England Djed SPENCE: no lineup match for markers [70]; England John STONES: markers [1] far from expected 89; England Bukayo Ayoyinka Saka: sub implied by lineup minutes (30) but no PDF row parsed; England Azuka Tristan Madueke: sub implied by lineup minutes (60) but no PDF row parsed; England Tehuti Djed-Hotep Spence: sub implied by lineup minutes (70) but no PDF row parsed"
81,37,5,5,0,True,1.74,1.74,12,12,True,33,"Belgium Youri TIELEMANS 120: unexplained markers [5] (mins=120, starting)"
82,18,2,2,0,True,0.8,0.92,8,7,False,30,"USA Weston McKENNIE: no lineup match for markers [5]; USA Folarin BALOGUN: unexplained markers [61] (mins=64, starting); USA Giovanni Alejandro Reyna: sub implied by lineup minutes (1) but no PDF row parsed"
83,28,3,3,0,True,2.25,2.84,10,8,False,29,"Spain Dani OLMO: no lineup match for markers [71]; Spain Aymeric LAPORTE: unexplained markers [3] (mins=90, starting); Spain Alex BAENA: no lineup match for markers [71]; Spain PEDRI: unexplained markers [3] (mins=90, starting); Spain Marc PUBILL: markers [3] far from expected 89; Spain Fabian RUIZ: markers [3] far from expected 89; Spain Daniel Olmo: sub implied by lineup minutes (71) but no PDF row parsed; Spain Alejandro Baena: sub implied by lineup minutes (71) but no PDF row parsed"
84,28,3,3,0,True,1.91,2.18,9,7,False,29,"Portugal BRUNO FERNANDES: no lineup match for markers [62]; Portugal NELSON SEMEDO: no lineup match for markers [62]; Portugal GONCALO RAMOS: no lineup match for markers [63, 4]; Portugal RUBEN NEVES: no lineup match for markers [81]; Croatia Mateo KOVACIC: unexplained markers [6] (mins=90, starting); Croatia Nikola VLASIC: unexplained markers [2] (mins=90, starting); Croatia Josko GVARDIOL: markers [2] far from expected 89; Croatia Andrej KRAMARIC: markers [6] far from expected 89; Portugal SEMEDONélson Nelson: sub implied by lineup minutes (27) but no PDF row parsed; Portugal Miguel Bruno: sub implied by lineup minutes (63) but no PDF row parsed; Portugal RAMOSGonçalo Goncalo: sub implied by lineup minutes (27) but no PDF row parsed; Portugal Diogo Ruben: sub implied by lineup minutes (9) but no PDF row parsed"
85,19,2,2,0,True,1.9,2.52,11,11,True,32,"Algeria Riyad MAHREZ: unexplained markers [71] (mins=90, starting); Algeria Houssem AOUAR: no lineup match for markers [58]; Switzerland Silvan Dominic Widmer: sub implied by lineup minutes (3) but no PDF row parsed; Algeria Houssem-Eddine Chaabane Aouar: sub implied by lineup minutes (58) but no PDF row parsed; Algeria Selmane Rami Bensebaini: sub implied by lineup minutes (71) but no PDF row parsed"
86,30,1,2,1,True,0.74,0.87,11,12,False,30,Australia Paul OKON ENGSTLER: no lineup match for markers [90]; Egypt 120 MARAWAN ATTIA: markers [1] far from expected 119; Egypt OMAR MARMOUSH: no lineup match for markers [105]; Egypt HOSSAM ABDELMAGUID Third: no lineup match for markers [67]; Egypt 120 MAHMOUD SABER: markers [1] far from expected 119; Australia Paul Michael Junior Okon-Engstler: sub implied by lineup minutes (29) but no PDF row parsed; Egypt Abdelmegeed Abdelsalam Hossam Abdelmaguid: sub implied by lineup minutes (53) but no PDF row parsed; Egypt Mohamed Abdelsalam Omar: sub implied by lineup minutes (106) but no PDF row parsed
87,38,4,5,1,True,2.73,2.16,11,11,True,33,Argentina Nico GONZALEZ: no lineup match for markers [64]; Cabo Verde DINEY BORGES: no lineup match for markers [111]; Cabo Verde JOVANE CABRAL: no lineup match for markers [80]; Cabo Verde SIDNY LOPES CABRAL: no lineup match for markers [103]; Cabo Verde RYAN MENDES: no lineup match for markers [80]; Cabo Verde GILSON BENCHIMOL: no lineup match for markers [100]; Cabo Verde YANNICK SEMEDO: no lineup match for markers [100]; Cabo Verde WILLY SEMEDO: no lineup match for markers [80]; Argentina Nicolás Alejandro Tagliafico: sub implied by lineup minutes (35) but no PDF row parsed; Argentina Nicolas Ivan Gonzalez: sub implied by lineup minutes (57) but no PDF row parsed; Cabo Verde Eduardo Jovane: sub implied by lineup minutes (80) but no PDF row parsed; Cabo Verde BENCHIMOLGilson Gilson: sub implied by lineup minutes (20) but no PDF row parsed; Cabo Verde SEMEDOJair Yannick: sub implied by lineup minutes (20) but no PDF row parsed; Cabo Verde Johnson Willy: sub implied by lineup minutes (40) but no PDF row parsed; Cabo Verde Isaac Ryan: sub implied by lineup minutes (80) but no PDF row parsed
88,27,1,1,0,True,1.8,2.19,9,9,True,28,
89,20,1,1,0,True,0.13,0.3,0,1,False,27,"Paraguay Omar ALDERETE: unexplained markers [58] (mins=90, starting); Paraguay Diego GOMEZ: unexplained markers [71] (mins=0, starting); Paraguay Miguel ALMIRON: unexplained markers [71] (mins=90, starting); Paraguay Julio ENCISO: unexplained markers [61] (mins=0, starting); Paraguay MAURICIO: unexplained markers [71] (mins=0, substitutes); Paraguay Jose CANALE: unexplained markers [58] (mins=90, substitutes); Paraguay Gabriel AVALOS: unexplained markers [71] (mins=0, substitutes); Paraguay Gustavo CABALLERO: unexplained markers [61] (mins=90, substitutes); France Manu KONE: no lineup match for markers [81]; France Ousmane DEMBELE: unexplained markers [84] (mins=0, starting); France Bradley BARCOLA: unexplained markers [61, 19] (mins=0, starting); France Desire DOUE: unexplained markers [61] (mins=0, substitutes); France Rayan CHERKI: unexplained markers [84] (mins=90, substitutes)"
90,15,3,3,0,True,0.68,0.8,9,0,False,30,"Canada Luc DE FOUGEROLLES: unexplained markers [49] (mins=0, starting); Canada Jonathan DAVID: unexplained markers [43] (mins=90, starting); Canada Tani OLUWASEYI: no lineup match for markers [63]; Canada Ali AHMED: unexplained markers [78] (mins=0, starting); Canada Richie LARYEA: no lineup match for markers [40, 78]; Canada Cyle LARIN: unexplained markers [63, 67] (mins=0, substitutes); Canada Jacob SHAFFELBURG: unexplained markers [78] (mins=90, substitutes); Canada Promise DAVID: unexplained markers [78] (mins=90, substitutes); Morocco Ayyoub BOUADDI: unexplained markers [63] (mins=90, starting); Morocco Azzedine: no lineup match for markers [87, 82, 50, 45]; Morocco Ismael SAIBARI: unexplained markers [22] (mins=90, starting); Morocco Bilal EL KHANNOUSS: unexplained markers [63, 51] (mins=90, starting); Morocco Redouane HALHAL: unexplained markers [20] (mins=0, starting); Morocco Sofyan AMRABAT: unexplained markers [63] (mins=0, substitutes); Morocco Chemsdine TALBI: unexplained markers [63] (mins=90, substitutes); Morocco Soufiane RAHIMI: markers [8, 22] far from expected 60"
91,23,3,3,0,True,2.57,2.61,8,7,False,27,"Brazil BRUNO GUIMARAES: no lineup match for markers [79]; Brazil GABRIEL MARTINELLI: no lineup match for markers [67]; Brazil EDERSON SILVA: no lineup match for markers [79]; Norway David MOLLER WOLFE: unexplained markers [5] (mins=90, starting); Norway Leo OSTIGARD Third: no lineup match for markers [5]; Brazil José Ederson Silva: sub implied by lineup minutes (11) but no PDF row parsed; Brazil GUIMARAESBruno Bruno: sub implied by lineup minutes (79) but no PDF row parsed; Brazil MARTINELLIGabriel Gabriel: sub implied by lineup minutes (67) but no PDF row parsed; Norway Leo Skiri Ostigard: sub implied by lineup minutes (1) but no PDF row parsed"
92,26,5,5,0,True,2.01,1.88,10,9,False,31,"England Marc GUEHI: no lineup match for markers [68]; England Jarell QUANSAH: unexplained markers [52] (mins=54, starting); England Dan BURN: no lineup match for markers [75]; England Djed SPENCE: no lineup match for markers [74]; Mexico Álvaro Fidalgo: sub implied by lineup minutes (11) but no PDF row parsed; England Daniel Johnson Burn: sub implied by lineup minutes (15) but no PDF row parsed; England Tehuti Djed-Hotep Spence: sub implied by lineup minutes (15) but no PDF row parsed"
93,25,1,1,0,True,0.91,0.63,9,8,False,28,"Portugal NUNO MENDES: no lineup match for markers [56]; Portugal NELSON SEMEDO: no lineup match for markers [56]; Spain Dani OLMO: no lineup match for markers [85]; Spain Alex BAENA: no lineup match for markers [75]; Spain Mikel OYARZABAL: unexplained markers [7] (mins=90, starting); Spain Borja IGLESIAS: markers [7] far from expected 89; Portugal SEMEDONélson Nelson: sub implied by lineup minutes (34) but no PDF row parsed; Portugal Alexandre Nuno: sub implied by lineup minutes (56) but no PDF row parsed; Spain Daniel Olmo: sub implied by lineup minutes (84) but no PDF row parsed; Spain Alejandro Baena: sub implied by lineup minutes (75) but no PDF row parsed"
94,19,5,5,0,True,0.33,0.67,10,8,False,29,"USA Antonee ROBINSON: unexplained markers [2] (mins=90, starting); USA Weston McKENNIE: no lineup match for markers [35]; USA Folarin BALOGUN: unexplained markers [2] (mins=90, starting); USA Max ARFSTEN: no lineup match for markers [2]; USA Haji WRIGHT: markers [2] far from expected 89; USA Giovanni Alejandro Reyna: sub implied by lineup minutes (45) but no PDF row parsed; USA Maximilian Michael Arfsten: sub implied by lineup minutes (1) but no PDF row parsed"
95,24,5,5,0,True,2.63,2.12,9,6,False,30,"Argentina Julian ALVAREZ: unexplained markers [5] (mins=90, starting); Argentina Lionel MESSI: unexplained markers [84] (mins=90, starting); Argentina Cristian ROMERO: unexplained markers [79, 5] (mins=90, starting); Argentina Enzo FERNANDEZ: unexplained markers [2] (mins=90, starting); Argentina Nico GONZALEZ: no lineup match for markers [66]; Argentina Nicolas OTAMENDI: markers [5] far from expected 89; Argentina Facundo MEDINA: markers [5] far from expected 89; Egypt MOSTAFA SHOUBIR: no lineup match for markers [93]; Egypt MOHANAD LASHIN: unexplained markers [6] (mins=90, starting); Egypt OMAR MARMOUSH: no lineup match for markers [80]; Egypt ZIZO: markers [6] far from expected 89; Argentina Gonzalo Ariel Montiel: sub implied by lineup minutes (17) but no PDF row parsed; Argentina Nicolas Ivan Gonzalez: sub implied by lineup minutes (24) but no PDF row parsed; Egypt Mohamed Abdelsalam Omar: sub implied by lineup minutes (10) but no PDF row parsed"
96,22,0,0,0,True,0.58,1.15,11,11,True,30,Switzerland Dan NDOYE: markers [2] far from expected 90; Switzerland Ruben VARGAS: markers [2] far from expected 90; Colombia Cucho HERNANDEZ: no lineup match for markers [83]; Switzerland Silvan Dominic Widmer: sub implied by lineup minutes (33) but no PDF row parsed; Colombia Juan Camilo Hernandez: sub implied by lineup minutes (38) but no PDF row parsed
97,27,2,2,0,True,3.52,3.1,5,5,True,30,"France Manu KONE: no lineup match for markers [71]; France Warren ZAIRE EMERY: no lineup match for markers [71]; France Jean Philippe MATETA: no lineup match for markers [77]; Morocco Ayyoub BOUADDI: unexplained markers [62] (mins=90, starting); Morocco Brahim DIAZ: unexplained markers [74] (mins=90, starting); Morocco Bilal EL KHANNOUSS: markers [62] far from expected 76; Morocco Anass SALAH EDDINE: unexplained markers [74] (mins=90, starting); Morocco Sofyan AMRABAT: unexplained markers [62] (mins=0, substitutes); Morocco Soufiane RAHIMI: markers [62] far from expected 76; Morocco Zakaria EL OUAHDI: unexplained markers [74] (mins=0, substitutes); Morocco Gessime YASSINE: unexplained markers [74] (mins=0, substitutes); France Jean-Philippe Mateta: sub implied by lineup minutes (13) but no PDF row parsed"
98,22,3,3,0,True,2.2,2.08,9,9,True,29,Spain Dani OLMO: no lineup match for markers [86]; Spain Alex BAENA: no lineup match for markers [55]; Spain Nico WILLIAMS: no lineup match for markers [79]; Spain Alejandro Baena: sub implied by lineup minutes (55) but no PDF row parsed; Spain Daniel Olmo: sub implied by lineup minutes (86) but no PDF row parsed; Spain Nicholas Williams: sub implied by lineup minutes (11) but no PDF row parsed
99,27,3,3,0,True,0.87,0.77,12,12,True,32,Norway Torbjorn HEGGEM: no lineup match for markers [90]; Norway Jorgen STRAND LARSEN: no lineup match for markers [105]; England Noni MADUEKE: no lineup match for markers [45]; England Dan BURN: no lineup match for markers [111]; England Djed SPENCE: no lineup match for markers [86]; Norway Torbjørn Lysaker Heggem: sub implied by lineup minutes (90) but no PDF row parsed; Norway Leo Skiri Ostigard: sub implied by lineup minutes (30) but no PDF row parsed; Norway Jørgen Strand Strand Larsen: sub implied by lineup minutes (15) but no PDF row parsed; England Ezri Ngoyo Konsa: sub implied by lineup minutes (89) but no PDF row parsed; England Azuka Tristan Madueke: sub implied by lineup minutes (45) but no PDF row parsed; England Tehuti Djed-Hotep Spence: sub implied by lineup minutes (34) but no PDF row parsed; England Daniel Johnson Burn: sub implied by lineup minutes (6) but no PDF row parsed
100,32,4,4,0,True,1.99,2.0,12,12,True,32,"Argentina Nico GONZALEZ: no lineup match for markers [78]; Switzerland Breel EMBOLO: unexplained markers [69] (mins=72, starting); Switzerland Ricardo RODRIGUEZ: markers [5] far from expected 90; Switzerland Silvan WIDMER Third: no lineup match for markers [86]; Switzerland Eray COEMERT: markers [5] far from expected 90; Argentina Nicolas Ivan Gonzalez: sub implied by lineup minutes (42) but no PDF row parsed; Argentina Gonzalo Ariel Montiel: sub implied by lineup minutes (35) but no PDF row parsed; Switzerland Silvan Dominic Widmer: sub implied by lineup minutes (34) but no PDF row parsed"
101,20,2,2,0,True,0.48,0.3,10,10,True,31,Spain Dani OLMO: no lineup match for markers [78]; Spain Alex BAENA: no lineup match for markers [84]; Spain Nico WILLIAMS: no lineup match for markers [84]; France Emmanuel Boris Kone: sub implied by lineup minutes (45) but no PDF row parsed; Spain Daniel Olmo: sub implied by lineup minutes (78) but no PDF row parsed; Spain Alejandro Baena: sub implied by lineup minutes (84) but no PDF row parsed; Spain Nicholas Williams: sub implied by lineup minutes (6) but no PDF row parsed
102,20,3,3,0,True,0.46,0.54,8,8,True,30,"England John STONES: unexplained markers [6] (mins=90, starting); England Djed SPENCE: no lineup match for markers [6]; England Marcus RASHFORD: unexplained markers [6] (mins=0, substitutes); England Dan BURN: no lineup match for markers [82]; England Ivan TONEY: unexplained markers [6] (mins=0, substitutes); Argentina Gonzalo MONTIEL Third: no lineup match for markers [72]; Argentina Nico GONZALEZ: no lineup match for markers [64]; England Nico Oreilly: sub implied by lineup minutes (8) but no PDF row parsed; England Daniel Johnson Burn: sub implied by lineup minutes (8) but no PDF row parsed; Argentina Nicolas Ivan Gonzalez: sub implied by lineup minutes (26) but no PDF row parsed; Argentina Gonzalo Ariel Montiel: sub implied by lineup minutes (18) but no PDF row parsed"
103,38,10,10,0,True,2.99,2.88,10,8,False,30,"France Malo GUSTO: unexplained markers [1] (mins=90, starting); France Jules KOUNDE: markers [1] far from expected 89; England Marc GUEHI: no lineup match for markers [3]; England Bukayo SAKA: unexplained markers [1] (mins=90, starting); England Jarell QUANSAH: unexplained markers [83] (mins=90, starting); England Trevoh CHALOBAH: markers [3] far from expected 89; England Ollie WATKINS: no lineup match for markers [45]; France Dayotchanculle Oswald Upamecano: sub implied by lineup minutes (45) but no PDF row parsed; England Tehuti Djed-Hotep Spence: sub implied by lineup minutes (83) but no PDF row parsed; England George Arthur Watkins: sub implied by lineup minutes (45) but no PDF row parsed"
104,22,1,1,0,True,2.52,0.52,11,12,False,33,"Spain Dani OLMO: no lineup match for markers [75]; Spain Alex BAENA: no lineup match for markers [75]; Spain Nico WILLIAMS: no lineup match for markers [75]; Argentina Nico GONZALEZ: no lineup match for markers [45]; Argentina Leandro PAREDES Third: no lineup match for markers [51, 45]; Spain Alejandro Baena: sub implied by lineup minutes (75) but no PDF row parsed; Spain Daniel Olmo: sub implied by lineup minutes (75) but no PDF row parsed; Spain Nicholas Williams: sub implied by lineup minutes (45) but no PDF row parsed; Argentina Nicolas Ivan Gonzalez: sub implied by lineup minutes (45) but no PDF row parsed"
